"","RouteID","Totalab","p312_400m","p316_1km","p437_8km","p484_5km","p485_4km","p488_8km","p489_400m","p490_4km","p491_20km","p492_8km","p493_1km","p495_8km","p498_400m","p556_400m","p558_400m","p557_400m","pSHV_20km","pDSD_8km","pISNV_400m","evd20km","lvd400m","pwm20km","pwt20km"
"1",6002,23,0,0,0,0.0147577874239003,0.00356708411438599,0,0.33307653481391,0,0,5.31506458934341e-05,0,0,0.108200727890976,0,2.65653640783147e-05,0,0.000524437088366189,0.258987265331417,0.000185957548548203,142.897562075831,124.640876056968,209.450362973846,1047.25181486923
"2",6052,0,0,0.000412047744370896,0,0,0,0,0,0,0,0,0,0,0,0,0,0,0.0555875304390576,0.000653924095244389,0,115.39363971336,111.500348484391,371.114132943101,1855.57066471551
"3",6053,4,0,0,0,0.000777935740688086,0.000138806851742469,0,0.00326076532080176,0,0,1.40941437551412e-05,0,0,0.0165276046162207,0,0,0,0.00387032748924909,0.670039437976798,0.000351651162047249,115.253345428673,133.721464714904,95.0884533673232,475.442266836616
"4",6059,0,0,0.00152262559053886,0,0,0,0,0,0,0,0,0,0,0.250888525695904,0,0,0,0.0836086045762166,0.113358763183212,0,127.310551462703,113.032652096312,305.229834516261,1526.14917258131
"5",6103,0,0,0,0,0.00293660691945279,0.000887517750355007,0,0.00923399211665151,0,0,1.55170560154639e-05,0,0,0.205986934590259,0,0.00846219576063287,0,0.000619372296194667,0.627785727190205,0.0268474875272196,115.329987199738,123.351388386215,102.329915859711,511.649579298555
"6",6108,0,0,0,0,0.00058932941752325,0.000279872581646465,0,0.0107487956336499,0,0,0,0,0,0.00133663779900309,0,0.000863245245189496,0,0.00626053277900305,0.28110782018769,0.00103032497006488,139.956804325064,114.927128784286,177.5576713623,887.788356811499
"7",14018,0,0,0,0,0,0,0,0.0718232044198895,0.000122043620424,0,0,0,0,0,0,0,0,0.00168172534971907,0.113909178026291,0,134.127507017346,114.111682343384,1002.94776160711,5014.73880803553
"8",14059,0,0,0,0,0,0,0,0.00296845036383219,0,0,0,0,0,0,0.000683006278403867,0,0.000683006278403867,0.00836210460793004,0.977457895461164,0,135.618461663683,218.462231079157,124.258743659526,621.29371829763
"9",14078,0,0,0,0,0,0,0,3.06889673162498e-05,0.0150101971447995,0,0,0,0,0,0,0,3.06889673162498e-05,0.00357386715262125,0.0173885358947611,0,112.778386192706,109.912330515574,1036.38127568343,5181.90637841716
"10",14082,0,0,0,0,0,0,0.000639129892572732,0.0800305065564494,0.014110670084146,0.0132602938046193,0,0,0,0,0,0,0,0.00270931558075251,0.130553971958454,0,119.215336277398,113.331614933233,790.867477453099,3954.33738726549
"11",14096,324,0,0,0,0.001302608887095,7.61272543183185e-06,0.00817499413558527,0.423201406763679,0,0.209219765192985,0,0,0,2.54848492571166e-05,0.000101939397028467,0,0,0.0272506708228224,0.612663226210024,0,119.001921346872,105.448824751634,283.443556442449,1417.21778221225
"12",14104,0,0,0,0,0,0,0,0.000141598935176007,0,0,0,0,0,0,0,0.00243550168502733,0.000453116592563224,0.648979508929297,0.0106669638617859,0.00243550168502733,119.416540610091,108.910203984581,461.467751406847,2307.33875703424
"13",14128,11,0,0,0,0,0,0,0.0292757769899028,0.0484253385801358,0,0,0,0,0.000497605274615911,0.0017001513549377,0,0.000642740146378885,0.0566248933431463,0.497636087529786,0,118.400004312675,129.185952167314,265.034178339906,1325.17089169953
"14",14132,0,0,0,0,0,0,0,0.00499088491079167,0.0669979401584167,0,0,0,0,0,0.000179313230327844,0,0,0.0101781589616691,0.0715880486368791,0,120.936456436386,115.599821503975,887.81609061919,4439.08045309595
"15",14140,0,0,0,0,0,0.0030100006993496,0,0.00016890940825404,0,0,0,0,0,0,0,0.00256179269185294,0,0.637348117588755,0.0672763495893823,0.00256179269185294,116.271807205878,NA,274.728239803197,1373.64119901599
"16",14142,0,0,0,0,0,0.000137257843647356,0,0.00341060002414584,0,0,0,0,0,0,0,0.000150911505493179,0.00223349028129905,0.377841177288273,0.00824160308145872,0.000150911505493179,119.589237591425,118.014229244575,315.957160077294,1579.78580038647
"17",14151,0,0,0,0,0,0,0.00193899328509708,0.0206582250845978,0.0948800639658849,0.00121654410420185,0,0.0230044951312325,0,0,0.256958847287414,0.000163737583233271,0.194602117672743,0.032638460258191,0.477297570993891,0.000163737583233271,106.599480264524,106.682086179616,302.682615342504,1513.41307671252
"18",14156,0,0,0,0,0,0,0,0.0061189688032902,0.0696727413084834,0,0,0,0,0,0,0,0,0.0571767407239191,0.0738138133553191,0,118.062446087058,114.443475915241,960.518713368846,4802.59356684423
"19",14158,147,0,0,0,0,0,0,0.151073183346263,0.222323385430985,0,0,0,0,0,0.00354279803465218,0.000724075510731833,0.00431859322472201,0.040057744722483,0.267343468793191,0.000724075510731833,114.61900604072,117.078471189284,558.503278223919,2792.5163911196
"20",14165,52,0,0,0.0347343189636244,0,0,9.14879601844397e-06,0.00868085106382979,0.0227204032061297,0.0151664008223787,0,0.00806347643659974,0,0,0.0138439716312057,0,0.0671205673758865,0.186445355248259,0.198033008856035,0,111.874759334564,109.962405726181,380.327377434181,1901.6368871709
"21",14166,14,0,0,0.000446497075923684,0,2.39595562690179e-06,0.000302637636186936,9.20534830736658e-05,0.195164961544912,0,0,0.0195571605055593,0,0,0.238395507790026,0,0.33643246726348,0.0479952031906437,0.250856762885543,0,115.648765533497,131.269442260148,200.444241239289,1002.22120619645
"22",14181,0,0,0,0,0,0,0,0.000420168067226891,0.027424592578075,0,0,0,0,8.40336134453782e-05,0.0648739495798319,2.80112044817927e-05,0.0422408963585434,0.0122814502125621,0.0363093106158761,2.80112044817927e-05,107.278509652296,108.542793527315,605.256631269865,3026.28315634932
"23",14188,0,0,0,0,0,0,0,0.00242998224243746,0.0878387099223311,0,0,0,0,0,0,0.00115268388423315,0,0.0180414839381529,0.0706075042690746,0.00115268388423315,114.613469603776,111.882850460132,1137.78581021887,5688.92905109436
"24",14199,3,0,0,0,0,0,0,0.000994832398375107,0.000133098562258239,0,0,0.00383747436910776,0,0,0,0,0,0.00943038559935888,0.00654540418149059,0,111.197866636526,118.300292650762,706.664423491245,3533.32211745622
"25",14406,92,0,0,0.000169782570851986,0,0,0,0,0.192450413194372,0.000582096098910008,0,8.12611734113441e-05,0,0,0,0,0.00017278990906931,0.00440943399187158,0.247622506721456,0,115.198614214646,111.674818134003,469.195674223879,2345.97837111939
"26",14407,51,0.000268574826865156,0,0.00637789054058462,0,0,0,0,0.0130354603344741,7.55743651753325e-05,0,0.277884380009318,0,0,0,0,0.00485353079977747,0.0365069079459336,0.542727763393097,0,101.696904592188,98.6748412836572,313.984078591396,1569.92039295698
"27",14415,0,0,0,0,0,0,0,0,0.00823055459243482,0,0,0,0,0.000350517687661777,0.0317892579810181,0,0.147433132010354,0.0179740102395144,0.0188002501395535,0,109.756355047652,111.292198402534,705.445816725477,3527.22908362738
"28",14416,0,0,0,0,0,0,0,2.32331211374936e-05,0.00291205875952654,0,0,0,0,0,0,0,0,0.029670985549106,0.00316029581517627,0,112.830109603644,108.237329669111,1545.87743605808,7729.3871802904
"29",14419,0,0,0,0,0,0,0,0.00518297800906497,0.00323465632059541,0,0,0,0,0,0,0,0,0.0176760241552425,0.0496860366228981,0,113.152739173224,115.781887078505,1086.30315290151,5431.51576450757
"30",14420,0,0,0,0,0,0,0,0,9.17723869997859e-05,0,0,0,0,0,0,0,0,0.00623472284852227,0.000556847157642118,0,116.964146626282,118.812848905698,1073.06893868899,5365.34469344495
"31",14422,0,0,0,0,0,0,0,0.00140471359450601,0.00224259545784613,0,0,0,0,0,0,0,0,0.0131189618634293,0.0109306561798518,0,118.416242706586,117.243902053718,882.857269699453,4414.28634849727
"32",14434,0,0,0,0,0,0,0,0.00987207196682049,0.0156387633803218,0,0,0,0,0,0,1.94715423408688e-05,0,0.00782388543407895,0.0474765019648423,1.94715423408688e-05,119.623627154796,115.094221684296,1078.18436076659,5390.92180383293
"33",14436,65,0,0,0,0,0,0,0.0146126194581641,0.0992045814316413,0,0,0,0,0,0,0.000204576672414297,0,0.0195877920401222,0.125293587449218,0.000204576672414297,110.185477312756,113.765933577397,399.637913202885,1998.18956601442
"34",17003,141,0.000258658596518455,0.122061395508535,0,0,0,0,0.0228654199322314,0,0.185294147667806,0,0,0,0.000103463438607382,0.0117431002819379,0,0.259253511290448,0.138977677172866,0.290971617780429,0,123.529970961942,120.274268314096,399.090216759407,1995.45108379703
"35",17004,0,0,0.000408391693010452,0,0,0,0,0,0,0.000990669188837753,0,0,0,0,0.0293976988212789,0,0.0404253523504093,0.271216671023553,0.000944019012410879,0.0479365347286691,136.480753439972,127.935303294967,180.938086639465,904.690433197326
"36",17006,0,0,0,0,0,0,0,0,0,0,0,0,0,0,0.184141474881102,0.0600776253211611,0.00459192040671295,0.695033193552957,0,0.068441480347674,118.044151053419,111.281494406975,140.251990398408,701.259951992041
"37",17009,24,0,0.229271294439923,0,0,0,0,0.02770420216193,0,0.0814779146596727,0,0,0,0.00429522514138449,0.0109289617486339,0,0.451619061254683,0.346195432880236,0.175054346900666,0,112.026025467079,120.547170429782,305.311371520799,1526.55685760399
"38",17011,0,0,0.0233680164358142,0,0,0,0,0,0,0.000423054066463253,0,0,0,0.000192215281114849,0.000320358801858081,0.000192215281114849,0.00108921992631748,0.127624125291569,0.000469144007662685,0.000608681723530354,144.347028093835,116.333733159494,234.328668631646,1171.64334315823
"39",17012,0,0,0,0,0,0,0,0,0,0,0,0,0,0,0.0928374442640274,0.000541251063171731,0.0243820717028789,0.850137219382102,0.000314036133382041,0.0231964741359313,131.832648254987,129.367985853553,172.228099133437,861.140495667186
"40",17013,1,0,0,0,0,0,0,0,0,0,0,0,0,0,0.471664134166245,0.00129438910462041,0.0330350610613991,0.315418795840017,0,0.00174461140187968,123.82163195511,118.822208651236,145.358199657058,726.790998285289
"41",17014,0,0.000166893827709939,0,0,0,0,0,0,0,0,0,0,0,0,0.388111596339462,0,0.0132958749408918,0.614179570212567,0,0.00203054157047092,127.587679678796,123.059967272445,157.236874462848,786.18437231424
"42",17015,0,0,0.147584543890248,0,0.146359743040685,0.00545265755897079,0,0.0311445404106847,0,0.0151268995836077,0,0,0,0,0.00185894869301607,0,0.0269404564434022,0.150926283007194,0.192209228672611,0.000972373162500715,109.018254738759,119.025319565499,221.69123989516,1108.4561994758
"43",17017,0,0,0.00560861657754593,0,0,0,0,0.0723483519153416,0,0.161284551523261,0,0,0,0,0.012418000701887,0,0.219852603730799,0.0415852856160687,0.365939299880074,0,119.609294876135,117.669806289823,306.911471838845,1534.55735919422
"44",17019,2,0,0,0,0,0,0,0,0,0,0,0,0,0,0.161513964433672,0,0,0.870434483393525,6.23280099724816e-05,0,126.610239884296,116.81291243197,87.0502909526787,435.251454763393
"45",17021,0,0,0,0,0,0,0,0,0,0,0,0,0,0,0.727083172445749,0.000489098257265683,0.00252271732694931,0.260692168087518,1.01768050259848e-05,0.00834041238705692,115.959130518092,112.231912713962,118.160377579459,590.801887897293
"46",17023,7,0,0.00281347251409607,0,0.000572073842296653,3.17882142017026e-06,0,0.0431027567582021,0,9.3313458093954e-05,7.29132780688077e-05,0,0,0.00802160485574481,0.0415786518356106,0,0.515040509104521,0.16363147510389,0.1169949633751,0,111.37573901363,113.029283572469,227.611286522177,1138.05643261089
"47",17028,3,0,0,0,0,0,0,0,0,0,0,0,0,0,0.70043941186412,0,0.078446284716354,0.235155643086036,0.000591892116412372,0.000591515970931215,120.740629889308,117.287717871507,135.605702160126,678.028510800632
"48",17031,240,0,0.000217400756554633,0,0.00858012153430795,0.000262867915510535,0,0.350633113428389,0,0.00329242518638197,0,0,0,0.000452223877420728,0.00811342838901894,0,0.0188337944243456,0.0550225506532684,0.366129271612646,0.00130346882315386,107.941460873505,123.347173915328,201.15216345911,1005.76081729555
"49",17035,0,0.000198480208687762,0,0,0,8.35138159689551e-05,0,0,0,0,0,0,0,0,0.748355449699444,0.000538731995009641,0.0669445389588295,0.231699775775933,0.000106400571230055,0.00861971192015425,128.718989302642,120.230299707707,144.764574303664,723.822871518319
"50",17036,0,0,0,0,0,0,0,0,0,0,0,0,0,0,0.288412956829282,0.00611912648066019,0.00067366530062314,0.5039148028048,0,0.00617526525571212,122.015899948284,120.325365461407,144.806863138977,724.034315694884
"51",17037,0,0,0,0,0,0,0,0,0,0,0,0,0,0,0.630760074817208,0,0.0141699257495891,0.384586736980238,0,0.0138298475315989,126.403580465534,120.205689637826,160.767223480094,803.836117400471
"52",17040,0,0,0.00711251391696302,0,0,0,0,0,0,0.0154637466242284,0,0,0,0,0.000582794881540606,0,0.000532117065754466,0.118387858072917,0.0107527652014442,0.000177372355251489,139.519504992816,121.749374759795,470.014054627135,2350.07027313568
"53",17041,0,0,0.0345263718463621,0,0,0,0,0,0,0.0105854699780036,0,0,0,2.67960020364962e-05,0.0195878774886787,0,0.065891369007744,0.418878259699033,0.0170206557261193,0.000723492054985396,127.060131565749,117.088630508596,228.560300594983,1142.80150297492
"54",17042,0,0,0,0,0,0,0,0,0,0,0,0,0,0,0.827816990523326,2.81206940187284e-05,0.012316863980203,0.0807851259713424,4.88775275791449e-06,0.0728044768144878,127.811484956433,127.475704435196,161.941007634205,809.705038171025
"55",17044,0,0,0,0,0,0,0,0,0,0,0,0,0,0,0.599139322216245,0,0.000107584722969338,0.20692917371494,0,0,138.069363308795,134.97530246327,184.287586071868,921.437930359342
"56",17045,85,0,0.106092228764648,0,0,0,0,0,0,0.100364773860991,0,0,0.000117326854283713,0,0.00123961121284688,0,0.000957881391745316,0.277413713240534,0.169353981230148,0,111.998803226482,118.425471690377,302.117866692139,1510.58933346069
"57",17046,13,0,0.0510629912132242,0,0,0,0,0.00306556911722963,0,0.188260238482401,0,0,0,0,0.0165767811524269,0,0.404995742265115,0.10893502619637,0.294771778754981,0,116.433897301304,115.42501911214,395.973405251854,1979.86702625927
"58",17047,165,8.13404912965674e-05,0.000211216719470847,0,0,0,0,0.279079225638523,0,0.308580246317386,0,0,0,0,0.0226668835746435,0,0.167371617591237,0.0521416625866372,0.528837053130093,0,116.517811777687,115.126008919142,182.144728014798,910.723640073989
"59",17051,0,0,0,0,0,0,0,0,0,0,0,0,0,0,0.754732167638079,0,0,0.245053885354522,0,0,125.999353331727,124.227730966713,132.991171375546,664.95585687773
"60",17052,0,0,0.145792662972952,0,0,0,0,0,0,0.0184610723475068,0,0,1.77141642457309e-05,0,0.0211973972096724,0,0.0989117153979484,0.200576404496076,0.0142693497720778,0.00394964907794164,112.561027556322,116.995285864707,437.990822509734,2189.95411254867
"61",17055,15,0,9.28052713394121e-05,0,0,0,0,0.0108212780498918,0,0.00117870353738231,0,0,0,0.169495386718305,0.121141360063789,0.00276227360747238,0.416847021300832,0.195293610838668,0.421929761728123,0.00569540949994305,123.316156734773,111.069633920096,67.5535415676084,337.767707838042
"62",17138,41,0,0.00175651270379258,0,0.0347025157144263,6.65799958650318e-05,0,0.356645252229541,0,0.0199360358598853,0.000353777323874796,0,0,0.00740017890542409,0.0127131278631645,0,0.00138245100430999,0.0807786294653663,0.311369101555786,0.00425578054267979,106.678286355645,120.137000682137,155.095265956451,775.476329782253
"63",17154,0,0,0.00289253133575614,0,0,0,0,0,0,2.84564687169802e-05,0,0,0,0.0116452585071832,0.0205108698832548,0,0.0408754425490827,0.22277071649644,0.0556125605857482,0,117.25873772106,116.630776679494,371.790207025078,1858.95103512539
"64",17202,6,0,0.0171399334868253,0,0,0,0,0.000356728796932132,0,0.108657266403459,0,0,0,0,0.0010701863907964,0,0.019679538630756,0.182639593908629,0.09083463316729,0,125.097504222499,117.218353382768,461.558418353338,2307.79209176669
"65",17203,33,0,0.00695324962166142,0,0,0,0,0.029807948786343,0,0.264275446247634,0,0,0,0,0,0,3.33422245932249e-05,0.0614652132531638,0.30950721164233,0,123.950163578945,122.336800324191,507.007641432787,2535.03820716393
"66",17205,0,0,0,0,0,0,0,0,0,8.54538844228445e-06,0,0,0,0,0.249152542372881,0.00175048624617949,0.000444567935537649,0.688867844790887,4.50089061373019e-05,0.039094192831342,130.304011466277,123.711559455949,135.428403703378,677.142018516889
"67",17207,0,0,0,0,0,0,0,0,0,0,0,0,0,0,0.933233328787672,0,0.0001909177689895,0.054685843094244,5.57838354064466e-06,0.000818219009954998,128.430825719932,127.018680374268,164.130430457304,820.652152286522
"68",17208,59,0,0.0300719775527632,0,0.0336735687921461,0.00362034198594291,0,0.160508888114326,0,0.0250341378018634,0.00100190558513251,0,0,0.000224070109047453,0.045511128815416,0,0.252078872678385,0.184953693451172,0.199367837900155,0.0121495792461286,110.760184180939,125.02295806843,217.250727968131,1086.25363984065
"69",17209,0,3.09444238148286e-05,0.139114279214378,0,0,0,0,0.00117588810496349,0,0.0638157189980681,0,0,0,0,0.00164005446218591,0.0056318851342988,0.0262099269711598,0.25499765437708,0.0931591128664097,0.0056318851342988,117.194596754989,120.750802853519,432.252752938166,2161.26376469083
"70",17211,0,2.15950072343274e-05,0.00340057534538481,0,0,0,0,0,0,0.00643719624341398,0,0,0,0,0.00120932040512234,0,0.000647850217029823,0.0793417385612785,0.00963315458939195,0,143.369471537264,116.844814883529,327.116475986295,1635.58237993147
"71",17213,0,0,0,0,0,0,0,0,0,0,0,0,0,0,0.733782078249895,0,0.00342167998878138,0.470380826118147,0.000142730005205447,0,121.265378736306,120.975453528845,118.223162943825,591.115814719127
"72",17217,26,0,0,0,0,0,0,0,0,0.0564201540014154,0,0,0,0,0.000994357023889428,0,0.0028587764436821,0.0979792976590864,0.0662445207437333,0.000372883883958535,132.44372190741,123.172485132311,441.719422435451,2208.59711217726
"73",17221,0,0,0,0,0,0,0,0,0,0,0,0,0,0,0.472035679499667,0,0.00151227764392269,0.472703713762844,6.33260086250024e-06,0.00138411852155636,119.054614295673,115.739291969109,117.152205617538,585.761028087688
"74",17222,0,6.05877006967586e-05,0.0642521025230276,0,0,0,0,0,0,0.0272805400227912,0,0,7.46945821529745e-05,0,0.0761890336261739,0,0.0065737655255983,0.275363920995544,0.0309443055063739,0.00566495001514693,113.559348965536,116.345748315186,427.757285001512,2138.78642500756
"75",17223,0,0,0.0967074140925072,0,0,0,0,0.026675300802139,0,8.41693908991846e-05,4.40872805119866e-05,0,0,0.00766627673796791,0.0496741310160428,0.00127423128342246,0.0674715909090909,0.136200353210837,0.0468022367630503,0.00854361631016043,119.798950370163,124.836664944773,392.020645911428,1960.10322955714
"76",17301,316,0,0.00170662115676915,0,0.0580202377483244,0.000106901107923083,0,0.736346225812843,0,0.0407124528301887,0,0,0.00971260265591541,0,0.000110066700420455,0,0.0192176458934114,0.0612543396226415,0.556951972327024,0.0080348691306932,109.507202409962,123.53259169173,190.675022804928,953.375114024641
"77",17302,93,0,0.000100761758897263,0,0.00278536632717951,0.000136784698351744,0,0.657530135547442,0,0.00253277025259777,0,0,7.14559024880484e-05,0.00712749462311809,0.000300105036762867,0,0.0552443355174311,0.0196258464363595,0.85535481313129,0.0116790876806882,113.19079942516,121.771648845769,251.963936643235,1259.81968321618
"78",17303,0,0.000108544633553317,0.021091531840101,0,0,0,0,0.000651267801319903,0.00219049445559974,0.133550665416153,0,0,2.57557432624585e-05,0,0.013155609586662,0,0.122633726988538,0.064011435567873,0.103323456721229,0,129.588739290187,128.104555503937,666.245671695062,3331.22835847531
"79",17305,24,0,0,0,0,1.03763233054816e-05,0,0,0,0,0,0,0,0,0.503352644566034,0.000455959660980581,0.00252118871365733,0.560231854238555,0.000229200633255358,0.0379251153309731,130.796878840866,123.93830201314,132.53607468261,662.68037341305
"80",17306,0,0.00010468737731948,0,0,0,0,0,0,0,0,0,0,0,0,0.587112983851972,0.0127456881886467,0.00664764845978696,0.461758440364199,0,0.0154413881546233,117.152243313958,118.853543082907,130.731937427015,653.659687135076
"81",17307,0,2.72650434877444e-05,0,0,0,2.74768301629651e-06,0,0,0,0,0,0,0,0,0.740409520953186,0,0.00269923930528669,0.447003351683711,0.000994588660474877,0.00613463478474248,125.828363566287,124.623029967215,151.479639274897,757.398196374487
"82",17309,18,0,0.324975659802556,0,0,0,0,0.0026955535961708,0,0.0461118801099976,0,0,0,0,0.0136541126086409,0,0.0522232019145988,0.264082092169131,0.0941815828726858,0.000554225973044464,114.7212912578,118.628691426663,449.256945530983,2246.28472765491
"83",17312,0,0,0,0,0,0,0,0,0,0,0,0,0,0,0.342030021443888,0.0149596650668845,0.00362503829265802,0.55600713520979,0.000741195354546313,0.126825283365669,135.302839661128,129.255393203406,177.810594831248,889.052974156239
"84",17315,90,0,0.00012337924536767,0,0.0315528146039839,0.00386526206268696,0,0.373605426921568,0,0.00103851351402909,0.0370623373140815,0,0,0,0.00406458485171273,0.000140158098334922,0.109771822615911,0.0484667618446625,0.341833455853457,0.0259572798116275,110.769347703166,114.040604962113,164.166328276734,820.831641383669
"85",17318,0,0,0.0865166500317576,0,0,0,0,0,0,0.0109105695728369,0,0,0,0,0.0231527953563479,0,0.0245057391000742,0.506284756215695,0.0118756417302322,0.0037533278051761,119.497364649243,111.0244833004,136.839692760243,684.198463801213
"86",17319,0,0,0,0,0.00185755583513107,0.00421433636911283,0,0,0,0,0,0,0,0,0.0261206512042819,0.0249219446922391,0,0.920794091483719,0.0219971238681837,0.0278768956289028,124.638488005531,121.843160512947,79.3172778104099,396.58638905205
"87",17321,0,0,0,0,0,0,0,0,0,0,0,0,0,0,0.870974033210743,0.000417920427950518,0.00665886548534492,0.0621566543614586,0,0.000417920427950518,121.728142323835,133.209055160823,133.193442347934,665.967211739669
"88",17322,0,0.00049874127202774,0.506996615007763,0,0,0,0,0,0,0.0834106282379024,0,0,0,0,0.000712487531468199,0,0.0148197406545385,0.364403414653554,0.10320605307075,0.00159122215361231,114.232099187284,121.072586994164,272.798033822063,1363.99016911031
"89",17359,2,2.22652684078107e-05,0.311373005915039,0,0.000408847320867432,0,0,0.0605392648008372,0,0.107293995828144,0,0,0,0.00133591610446864,0.00318393338231692,0,0.10484714893238,0.274166754205621,0.129300074092368,0.000244917952485917,112.153805467208,119.194724390272,333.130760256369,1665.65380128184
"90",17362,0,0,0.0125275198621614,0,0,0,0,0,0,0,0,0,0,0,0.0537972113171788,0,0.00151617706782185,0.636177993302396,0.000289140820210512,0.170624069310952,130.579899750912,132.984828499552,163.019761186691,815.098805933457
"91",17365,6,0,0.297145115084461,0,0.00702938627449229,0.000110100445483341,0,0.0338637077357898,0,0.0113516830624546,0,0,0,0.000235528106354025,0.00298335601381765,0,0.0265885062284099,0.227431979127842,0.0543347940859027,0.00337590285774102,111.229142790434,115.916827351105,312.99996634945,1564.99983174725
"92",17366,0,0.000201620293999047,0.218684615384615,0,1.10609156225952e-05,0,0,0.0166978261666483,0,0.0727658531008172,0,0,0,0,0.0124088126397595,0,0.148374207265662,0.204991364889097,0.100204578205098,0,111.179381714826,112.750223271535,314.428183400612,1572.14091700306
"93",17367,35,0.000373436235762744,0.00196531596882486,0,0,0,0,0,0,0.0879404032454582,0,0,0,0.0026970394805087,0.0208501898300865,0,0.0473226696541566,0.346941720304875,0.0848452866488234,0,114.22453597054,107.039609020418,191.991324462137,959.956622310685
"94",17372,0,7.46171208983901e-05,0.165152823082741,0,0,0,0,0.00184677374223516,0,0.00444405165248171,0,0,0,0,0.0110806424534109,0,0.050105396683269,0.198210951124574,0.0372294321417134,9.32714011229877e-05,111.789861930584,114.439397337462,351.459117355273,1757.29558677637
"95",17410,0,2.26603217765692e-05,9.15063779945462e-06,0,0,0,0,0,0,0.0412631806661584,0,0,0,0,0.00351234987536823,0,0.000861092227509631,0.363347431728724,0.0177127082251899,0,122.465312152888,113.058170547653,303.741020314116,1518.70510157058
"96",17412,0,0,0,0,0,0,0,0,0,0,0,0,0,0,0.873581446057783,0,0.00175925467069726,0.0782132229922353,4.42379072520676e-05,0.0330293869864711,127.732360784822,133.183049488728,155.974162680742,779.870813403709
"97",17900,0,0,0,0,0,0,0,0,0,0,0,0,0,0,0.462071145336475,0,0.120740187345555,0.0405383961662018,0,0.252600425262916,130.16331560221,119.868877803453,166.263220045109,831.316100225544
"98",17901,69,0,0,0,0,0.00106612340114476,0,0,0,4.87313979491043e-05,0,0,0,0,0.0561464541332801,0,0.00573155778607887,0.871708020027831,0.000485288077655561,0.0649006244831618,132.032333326975,124.651859967913,131.565927253863,657.829636269314
"99",17902,0,0,0.00699997539551706,0,0,0,0,0,0,0.00960917458880338,0,0,0,0,0,0,0,0.104914742719179,0.00291893252839042,0.00308633545461994,138.644591566613,131.466815512037,260.989746589813,1304.94873294906
"100",17903,0,0,0.145947260976719,0,0.000464499911198546,2.07662755684768e-05,0,0.0275076953144086,0,8.1594370482948e-05,0.00032695948413768,0,0,0.0151707626911614,0,0.134118336834905,0.0064738359310109,0.101114381296263,0.156267494326057,0.134118336834905,113.451096603987,115.802627109846,219.676870984743,1098.38435492372
"101",33001,0,0.038688893754105,0,0,0,0,0,0,0,0,0,0,0,0,0.161855315422388,0,0.00146999030431927,0.123559110051265,0,0,126.974188672935,136.80930391247,713.912607747459,3569.5630387373
"102",33002,0,0.0149502982107356,0,0,0,0,0,0,0,0,0,0,0,0,0,0,0.00755467196819085,0.10669644719572,0,0,124.707660350848,128.422895587213,780.268413442292,3901.34206721146
"103",33008,0,0.0625706480783723,0,0,0,0,0,0,0,0.00020085282868997,0,0,0,0,0.00390919366993218,0,0.00633477769404672,0.105039207988031,0,0,118.188260685799,121.86488456942,601.397187338913,3006.98593669457
"104",33010,236,9.06344410876133e-05,0,0,0,0,0,0,0.174044421180361,0.263426255873596,0,0,0,0,0,0,0.444773413897281,0.201479413668865,0.391305820260195,0,110.499146540586,108.757086864264,279.363433391583,1396.81716695791
"105",33012,26,0.000152513421181064,0,0,0,0,0,0,0,0.107385703955967,0,0,0,0,9.15080527086384e-05,0,0.0023792093704246,0.164685603667267,0.112972781808441,0,133.34780655743,114.458551806036,753.635743638133,3768.17871819067
"106",33014,211,0.000343396766347117,0,0,0,0,0,0,0.000264635275882275,0.590229167207185,0,0,0,0,0.00103019029904135,0,0.297410216053799,0.0757574971367998,0.64244178327713,0,116.090555402177,116.396310981869,252.616957972047,1263.08478986024
"107",33018,0,0.0603600078262571,0,0,0,0,0,0,0.0171420602003444,0.0416536505148502,0,0,0,0,0.000195656427313637,0,0.00459792604187048,0.192655501264286,0.0556277639525115,0,112.371549802163,114.952274749274,566.656135473081,2833.2806773654
"108",33020,168,8.48272351976475e-05,0,0,0,0,4.08600806626063e-05,0.135073234179721,0.354331765918034,0.205479135083975,0,0.0123236734934781,0,0,0.295255329977945,0.000735169371712945,0.0363908838997908,0.0238822992870989,0.563739322299509,0.000735169371712945,115.834679895535,115.09510104548,223.47189568762,1117.3594784381
"109",33021,0,0,0,0,5.41698265732168e-05,0.000759526160438116,0.000139325222057279,0.0459202845905253,0.0693866433396103,0.00211523867633214,0,5.42464088877316e-05,0,0.00400831725831099,0.684345015908009,0.0136783826439863,0.0590475236114939,0.0106023909042202,0.222740342172882,0.0136783826439863,124.748513028553,122.528463920875,165.58783083686,827.939154184298
"110",33022,21,0,0,0,0,8.5664600246143e-06,4.64233464335596e-05,0.00878505181276688,0.0240774636425159,0.0273497593884477,0,4.66445105241677e-05,0,0.000108793211303615,0.848260668534284,0.000571164359343977,0.0202355373024723,0.0286804701571076,0.111978417123052,0.000571164359343977,116.8212906988,115.598056508512,207.805030306671,1039.02515153335
"111",33023,105,0.0172534390300769,0,0.000418215557857733,2.09764539304631e-06,0.101088402990403,0.00198473154743341,0.111972487759384,0.267762282400545,0.158517847059173,0,0.0251117508015633,0,0.000845185357892283,0.05808463511308,0.00719864770342737,0.0282699930053626,0.0378287811691978,0.728370190072997,0.00722779202611331,111.360767188905,125.594364358807,313.100569482826,1565.50284741413
"112",33025,105,0.00681381398870188,0,0.00126324719480915,0,0.00374716843259043,0.00231308116992862,0.104565837749694,0.0152312751187431,0.461610622394446,0,0.00908968241312055,0,0.000902684759187001,0,0.000174713179197484,0,0.0889761436888211,0.804461794394258,0.000174713179197484,118.445509064137,117.549701617576,370.129928380472,1850.64964190236
"113",33027,0,0,0,0,0,0.00649254596554633,0.00068069667390635,0.0292511600481965,0.17837310550787,0.14394259461941,0,0.000695817768988501,0,0.00492219345245725,0.283872125515933,0.00774220011792755,0.0198938652036814,0.0136369382466342,0.432695076183106,0.00774220011792755,124.083369819146,126.087907915545,245.053188360543,1225.26594180272
"114",33029,0,0.0323786142935079,0,0,0,0,0,0,0,0,0,0,0,0,0.0265139116202946,0,0.0125750136388434,0.129276765812352,0,0,130.000720135911,140.392365248641,724.011881772863,3620.05940886432
"115",33119,234,0.00110320801277399,0,0,0,0,0,0,0,0.205425677965529,0,0,0,0,0.00226447960516766,0,0.00760632893017855,0.168333980821817,0.248321358589157,0,140.972807549539,125.285487679588,742.955176334375,3714.77588167187
"116",33124,12,2.86270468338486e-05,0,0,0,0.0236068588859357,0,0.143306996450246,0.0754522311565679,0.000234242249213915,0,0,0,0.0456028856063209,0.305078438108325,0.115910912630253,0.0772930264513913,0.00420796744109036,0.544766697781711,0.115910912630253,121.66533680279,120.511633546766,211.55044615954,1057.7522307977
"117",33128,124,0.000851353652307168,0,0,0,0,0,0,0.284113266899205,0.161890198630721,0,0,0,0,0.441341733356036,0,0.00422838980645894,0.0897187196896217,0.403955845280232,0,119.011464510253,119.960988627037,323.808426653736,1619.04213326868
"118",33202,0,0.0510532706826461,0,0,0,0,0,0,0,0,0,0,0,0,0,0,0,0.141491734998736,0,0,125.04381073005,129.715279827475,956.283414750428,4781.41707375214
"119",33204,0,0.00699424524125719,0,0,0,0,0,0,0,0,0,0,0,0,0.773616644532979,0.0120407259849491,0,0.0255747801150907,0.146732503531287,0.0120407259849491,128.306365578145,133.375546566985,445.579649658762,2227.89824829381
"120",33208,0,0.00480415983722376,0,0,0,0,0,0,0.000127629160710639,0.00869811301110879,0,0,0,0,0,0,0.000423896456225626,0.176241374055772,0.0200395601877593,0,124.927885145441,113.071267014181,700.775030618129,3503.87515309065
"121",33209,14,0.0108746463279616,0,0,0,0,0,0,0.00241155942730482,0.0570565803445125,0,0,0,0,2.46032722352073e-05,0,0.00105794070611391,0.12443336755176,0.0916009666233606,0,109.209081502,107.115385525945,365.99404582528,1829.9702291264
"122",33211,90,0,0,0,0,0,0,0,0.592219354073819,0.080738389911781,0,0,0,0,0.00401084949215143,0.0113111726685134,0.0582006001846722,0.00806184198074368,0.919375090200606,0.0120036934441367,112.576482247067,121.12030036654,409.706185891642,2048.53092945821
"123",33212,0,0.00898825908656817,0,0,0,0,0,0,0.00039144503196275,0.00535278803704314,0,0,0,0,0.00249985955845177,0,0.00514016066513117,0.21678938577713,0.000723187053903638,0,136.556850876041,119.371817086536,760.051447872468,3800.25723936234
"124",33213,0,0.000702661682453132,0,0,0,0,0,0,0,0.176357802473,0,0,0,0,0,0,0,0.0821686477063826,0.153067071688637,0,119.918185046393,117.803559529017,541.700423647251,2708.50211823625
"125",33214,92,2.88051618850098e-05,0,0,0,0,0,0,0.633947069481379,0.383390972483635,0,0,0,0,0.0595690747782003,0,0.0439566770365249,0.0553262463961773,0.757579876547158,0,124.22655432307,118.340519643992,296.04181754037,1480.20908770185
"126",33217,49,0.020066889632107,0,0.000283373263202239,0,0.0275706214689266,0.000213666471184576,0.0252042892114609,0.316558303232379,0.162331152564082,0,0.00927002126151666,0,0.000206875150846464,0.0179291797400269,0.0387201324000965,0.000655104644347137,0.0405550664979984,0.664199652375259,0.0388925283591353,112.972655296343,116.422085778643,313.74241840443,1568.71209202215
"127",33218,25,0.0345197690946538,0,0,0,0,0,0.0585675746236185,0.0303189858183522,0.156198000022701,0,0,0,0,0.000812229861050677,0,0.0237867316450555,0.160747324093938,0.237101347635457,0,121.580764497585,121.218372491707,604.087015480868,3020.43507740434
"128",33219,76,0.000122051688890245,0,0,0,0,0,0.181216245079791,0.234318734017199,0.125227319952739,0,0.000257658911133442,0,0,0.257498550636194,0.0463796417782931,0.154486925212828,0.0315419231836776,0.622669586240348,0.0463796417782931,117.159338357785,115.151793565133,245.363850205809,1226.81925102904
"129",33220,145,0,0,0,0,0,0,0.514353222345944,0.18395405843514,0.00138891637404141,0,5.39234718088089e-05,0,0.00298742565383884,0.0369897612775318,0.0347627712446702,0.0249314250020369,0.00323518568602574,0.628320473732293,0.0347627712446702,115.200622554213,119.812812448532,211.797893103401,1058.98946551701
"130",33221,0,0,0,0,0,0.00139502441292723,0,0,0.15942690582451,9.700487429451e-05,0,0,0,0.00263414075473859,0.785689744030235,0.000601271259233809,0.129616904311974,0.00709738968701898,0.410689365908219,0.000601271259233809,115.877760637121,111.044116380395,110.00050705716,550.002535285799
"131",33223,134,0.0226656069284951,0,0.00145713920576358,0,0,0.00493635765362368,0.017951599199715,0.249077648618879,0.158211316433629,0,0.0565492341599017,0,0.000137035108394771,0.0049606709238907,0.00134294406226875,0.00345328473154822,0.0479551524206301,0.601204886910471,0.00139775810562666,104.322961515234,111.706640453454,362.942863213148,1814.71431606574
"132",33226,205,0,0,0.000166428199402535,0,0.0164865165739852,0.0491645663587545,0.214124088610777,0.0808369425198395,0.238664852087959,0,0.00187726788841703,0,0.000195547112886555,0.0818224990921027,0.0178227225745174,0.0292482610274604,0.0288141024432724,0.622858134926574,0.0179623990837221,115.505766963339,118.690291279475,284.960522236478,1424.80261118239
"133",33227,76,2.81571167112488e-05,0,0,0,0.000225692998412089,0.00079540370288831,0.14362945234408,0.0589622958351581,0.294534113872938,0,0,0,2.81571167112488e-05,0.528959594537519,0.0817964240461777,0.097226524003942,0.0127300402302914,0.520310018062292,0.0817964240461777,120.026610488377,125.617389958866,342.864083132691,1714.32041566346
"134",33901,177,0,0,0,0,0.00123490788920615,0,0,0.742472424738742,3.31584776279751e-06,0,0.0195241930217879,0,0.0552147239263804,0.0829437042242102,0.0081349152725602,0.0115402286424691,0.000757671213799232,0.808011160423575,0.0081349152725602,113.299831200571,119.43415677217,117.298854882041,586.494274410207
"135",33902,274,0,0,0,0,3.99910420065905e-05,5.11677329453682e-06,0.0492933039294306,0.837032504718943,0.101965203174101,0,0,0,0.000801924619085806,0,0.000801924619085806,0,0.0531113025950607,0.918167444700473,0.000801924619085806,113.29474618963,112.289674151968,141.220409669524,706.102048347618
"136",33903,168,0,0,0,0,1.98249176557884e-05,0,0,0.685166146970611,0.100511079617404,0,0.000118570513884607,0,0.0446141956961122,0.00630127214362145,0.0251753655926763,0,0.0824182186697586,0.81675137889481,0.0252050885744858,116.534375895281,120.884846053509,143.430471432979,717.152357164893
"137",33904,308,0,0,0,0,0.000374495029308884,0,0,0.837697572687892,0.0145914953484928,0,0,0,0.0837233340032731,0,0.000401963880674151,0,0.0479278578833286,0.938995530495431,0.000401963880674151,110.947145122643,116.684958024612,113.207934555516,566.03967277758
"138",33905,252,0,0,0,0,5.73544129919216e-06,0,0,0.913813523597039,0.0024146963305183,0,0.000191624722144153,0,0.00547770700636943,0,0.0122929936305732,0,0.000237979270419018,0.922893284017806,0.0122929936305732,114.824815289684,117.343639885163,121.416380070218,607.081900351089
"139",33906,0,0.0318645404857159,0,0,0,0,0,0,0,0,0,0,0,0,0,0,0.00084521327548318,0.0388825387276282,0,0,124.834334763469,134.879204150011,890.258423569604,4451.29211784802
"140",33907,0,0.0745419479267117,0,0,0,0,0,0,0,0,0,0,0,0,0,0,0,0.206262727716705,0,0,128.611038144025,134.558491231879,781.418571262859,3907.0928563143
"141",53001,0,0.033314115258316,0,0,0,0,0,0,0,0,0,0,0,0,0.000125335271852205,0,0.000175469380593087,0.177734715798944,0,0,116.684214389014,121.228329000559,354.448450633532,1772.24225316766
"142",53002,0,0.00765116814657489,0,0,0,0,0,0,0,0,0,0,0,0,0.137746615829474,0,0.205583561503621,0.216932174644984,0,0,121.976458046305,136.565744198281,286.057282359238,1430.28641179619
"143",53007,7,0,0,0,0,0,0,0,0.280705429703567,0,0,0,0,0,0.0501649257833975,0,0.0777899945024739,0.553022667340637,0.256164197075923,0.0231995601979109,116.839669162444,138.045364028359,166.01530052492,830.076502624602
"144",53008,0,0,0,0,0.000343425144894541,0,0,0,0.0704902107308325,0,0,0,0,0,0.315048660822006,0,0.0524678945816242,0.542522026319482,0.0693118913984498,0.0169977747392691,120.134586204438,139.494714434074,124.956886051772,624.784430258859
"145",53009,107,0,0,0,0,0,0,0,0.359304641496363,0,0,0,0,0,0.317083478347338,0,0,0.278892789486049,0.40947178417454,0.170511609406851,131.361365753856,144.96123913966,136.930139528555,684.650697642774
"146",53012,47,0,0,0,0,0,0,0,0,0,0,0,0,0,0.480380567968863,0,0,0.40270912633269,0,0,139.261531278229,148.834876285115,127.871747793284,639.358738966418
"147",53013,0,0.032017703577131,0,0,0,0,0,0,0,0,0,0,0,0,0,0,0.0103084120003361,0.0719184196349149,0,0,117.528763741734,120.631016498772,710.969514301234,3554.84757150617
"148",53015,0,0.038185873605948,0,0,0,0,0,0,0,0,0,0,0,0,0.000684014869888476,0,0.0126988847583643,0.170254170750425,0,0,122.074462048546,118.292519675362,880.600107747694,4403.00053873847
"149",53016,0,0.0107660799291487,0,0,0,0,0,0,0.00369213744965872,0.0132290166653021,0,0,1.57542339503742e-05,0,0.0242997896601351,0,0.0421786781800066,0.743717802382684,0.0256066894901082,0.015637108380383,119.821869579505,119.533782548333,193.731902275234,968.659511376171
"150",53017,0,0,0,0,0,0,0,0,0,0,0,0,0,0,0.590072799470549,0,0,0.227570941722467,0,0.00447385837193911,129.698382195051,122.638977101875,151.425001790103,757.125008950516
"151",53018,0,0,0,0,0,0,0,0,0.00547052625741696,0.000382440971067509,0,0,0,0,0.262369632110666,0,0.012444517060153,0.442494029083653,0.00499953526184395,0.0425346513084443,130.324537184779,128.054296324356,236.209723270264,1181.04861635132
"152",53019,82,0,0,0,0,0,0,0,0.248504957753,0,0,0,0,0,0.13395766587256,0,0,0.372113626014599,0.261645263104387,0.10824502313864,124.844676934693,135.011900669847,159.820474821347,799.102374106735
"153",53025,0,0.0367568845290155,0,0,0,0,0,0,0,0,0,0,0,0,0,0,0.0202990190284836,0.146550333891739,0,0,119.112291039744,119.057908113692,594.071911392651,2970.35955696326
"154",53026,0,0.00815209306477046,0,0,0,0,0,0,0,8.32478874818256e-05,0,0,0,0,0.00794382791348071,0,0.0389455832911844,0.140251260257623,0,0,119.264297385846,114.126916258091,426.128438740207,2130.64219370104
"155",53027,0,0.00401838716551493,0,0,0,0,0,0,0.00847530202491798,0.194250728951066,0,0,0.000230018024804283,0,0.00295290572011325,0,0.149989345185546,0.144808206553761,0.273227785101289,0,114.148889217222,113.485977248914,267.45275641246,1337.2637820623
"156",53028,109,0,0,0,0,0,0,0,0.169387952209788,0.230831602648927,0,0,0.00084170472019147,0,0.156048656596712,0,0.136211736398877,0.358046702857815,0.315818802657549,0,108.883558676186,113.535415449521,135.519102672565,677.595513362827
"157",53036,0,0.00380713969073509,0,0,0,0,0,0,0,0.0162911947337123,0,0,0.000114356462817377,0,0.0685285144332316,0,0.0318652376854677,0.152301728889706,0.0446493373424168,0,106.42355021041,103.935726965202,500.556365756466,2502.78182878233
"158",53039,0,0.0236037698912101,0,0,0,0,0,0,0.00330112546984846,0.0883202128629883,0,0,7.00532404627517e-05,0,0,0,0.177112173840087,0.194209956880148,0.0991303390576838,0,115.695078142667,116.686264114382,374.822287249087,1874.11143624543
"159",53040,0,0,0,0,0,0,0,0,0.135612255545365,0.00135273242784536,0,0,0,0,0.0266133094531818,0,0.049644596182907,0.46179504767026,0.136510184959754,0.00777970560250742,113.296477140442,120.800627316923,161.34326162681,806.716308134052
"160",53041,0,0,0,0,0.000205973740859915,0,0,0,0.427127852799495,0.0210740270462084,0,0,1.95907049639832e-05,0,0.328235122093873,0,0.0325778622605644,0.157220771153286,0.397876668977365,0,114.458335685726,124.143365982025,155.886364669971,779.431823349857
"161",53046,398,0.000259815242494226,0,0,0,0,0,0,2.6754206430106e-06,0.522236881335719,0,0,0.000293109749698748,0,0.000144341801385681,0,0.00106812933025404,0.245352564102564,0.550802674415379,0,122.506772536442,125.136202886543,357.459640721966,1787.29820360983
"162",53063,0,0.035005291005291,0,0,0,0,0,0,0,0,0,0,0,0,0,0,0,0.104020891392826,0,0,114.216147535852,117.911115734208,667.719528964786,3338.59764482393
"163",53064,0,0.0144554207827935,0,0,0,0,0,0,0,0,0,0,0,0,0,0,0.177141428035513,0.154401792319373,0,0,119.537575310155,118.206298521424,514.069037746163,2570.34518873081
"164",53074,0,0.000280104198761939,0,0,0,0,0,0,0,0,0,0,0,0,0.319234755328982,0,0.494355900394947,0.289168358401953,0,0,122.401956187618,131.467848089071,328.3604847834,1641.802423917
"165",53086,0,0.019180068547324,0,0,0,0,0,0,0,0,0,0,0,0,0.00108752965989982,0,0.00863432639071975,0.17559085486874,0,0,118.361460659405,113.678300863187,655.724972455126,3278.62486227563
"166",53087,25,4.39299756188635e-05,0,0,0,0,0,0,0.00187450857052996,0.1303584965185,0,0,0.000238303357279444,0,0,0,0.0497946273639818,0.0653545567498628,0.0939551989688315,0,126.070624736674,103.917287894778,381.093126835397,1905.46563417699
"167",53097,96,0,0,0,0,0,0,0,0,0.682158007087967,0,0,0.00175792329931857,0,0.0771696044530657,0,0.0947963228472632,0.0921361723649157,0.65946045697804,0,117.431754875626,120.999690342565,211.313891715625,1056.56945857812
"168",53103,0,0.0507446221731936,0,0,0,0,0,0,2.6757935552296e-05,0,0,0,0,0,0.0370806799378228,0,0.0090257233114376,0.787643643562251,3.4615251479802e-05,0.00912600912600913,115.152062105368,126.02467828161,355.461182262135,1777.30591131067
"169",53137,22,0,0,0,0,0,0,0,0.0489219178213,0.263198629961143,0,0,0.0025501737960909,0,0.142302779049869,0,0.303622646966666,0.267498123596473,0.263250860246983,0,116.680743066011,121.895015334761,108.066193501849,540.330967509246
"170",53800,0,0.0122514103367713,0,0,0,0,0,0,0,0,0,0,0,0,0,0,0.0243318707618668,0.106556377403639,0,0,117.211237482969,132.849350056855,738.153037871243,3690.76518935622
"171",53901,0,0.0038971807628524,0,0,0,0,0,0,0,0,0,0,0,0,0.00899668325041459,0,0.281177446102819,0.42564502146713,0,0,126.565345646498,116.051169151207,477.561817952615,2387.80908976307
"172",53902,0,0.0252128852389466,0,0,0,0,0,0,0,0,0,0,0,0,0.0519106639595139,0,0.106366859601806,0.327194756870487,0,0,118.692843204757,114.273158683574,347.265540577729,1736.32770288864
"173",53903,0,0.0216864786615072,0,0,0,0,0,0,1.30571314787854e-05,0.00115983213267196,0,0,0,0,0,0,0.00868572701205423,0.242957377647425,0.0186352133941039,0,118.432231966397,112.778867419962,312.814300323582,1564.07150161791
"174",53907,64,0,0,0,0.0474730539858216,0.000665170034089964,0,0,0.217875940749475,0.164957644048723,0,0,0.00381948819973303,0,0,0,0,0.0901589768590982,0.498561976632538,0,113.015620824078,116.592904462964,160.350698399719,801.753491998593
"175",54039,0,0,0,0,0,0,0,0,0,0,0,0,0,0,0.0728166120704014,0,0,0.911632333872905,0,0.000832824385097996,127.14498584819,135.003957688547,152.290100540312,761.450502701562
"176",54040,0,0,0,0,0,0.00011278764287581,0,0,0,0,0,0,1.25527056729443e-06,0,0.476556431028743,8.32316058151149e-05,0.00699145488846965,0.449837289140609,0.00722533738534672,0.0344023970702475,126.222090877924,125.676949753041,153.148950995036,765.74475497518
"177",54043,0,0,0,0,0,0,0,0,0,0,0,0,0,0,0.763342273797143,0,0.000848431769664459,0.373878787832129,0,0.0018063386063824,116.955785273147,122.558536281159,142.321645041206,711.608225206029
"178",54044,0,0,0,0,0,0,0,0,0,0,0,0,0,0,0.134479072907291,0,0.00337533753375338,0.609375,2.3579038706171e-06,0.0826395139513951,124.376767332039,127.903480135938,172.033821103338,860.169105516688
"179",54130,0,0,0,0,0,0,0,0,0,0,0,0,0,0,0.0840213831901257,0,0.00041982703126312,0.946414620310775,0.00110692832161993,0,126.717205763662,133.071015510022,136.360851720794,681.804258603972
"180",54900,0,0,0,0,0,0,0,0.019049219822394,0,0,0,0,0,0,0.0183768944168978,0,0.000896433873995014,0.863222267964569,0.021078280852244,0.00154074572092893,117.701407292993,122.054221688375,164.352701042037,821.763505210186
"181",54901,0,0,0,0,0,0,0,0,0,0,0,0,0,0,0.0550774986638161,0,0.000400855157669695,0.563997888466565,0,0.0121592731159808,125.703469283223,123.001097729641,173.909346488657,869.546732443286
"182",55007,0,0,0,0,0.366395423442945,0.000485580007977386,0.0643843945353656,0.0364128463405787,3.96391843246846e-05,0.00127074847824176,0,0,0,0.00106029744133486,0.00393426155863724,0.000558051284913084,0.00452021540779598,0.343685008049305,0.612528095806701,0.0374731437819136,103.748554964438,101.008956216013,161.740580963046,808.702904815228
"183",55018,149,0,0,0,0.243973420688568,0.00113151226961924,0.0911300357953062,0.521369947865586,0.000118010482107528,0.113924272691988,0,0,0,0,0,0,0.110204924379291,0.113928658358752,0.563584037034571,0.000258091157796934,121.408716601453,117.978527534108,236.744444968474,1183.72222484237
"184",55022,219,0,0,0,0.0152548672167704,3.14458562827611e-05,0.240827936737274,0.602038632350581,1.20945601087543e-05,0.139656588017914,0,0,0,0.000615335223928514,0,0,0.00561827813152122,0.00961926887139843,0.561390042742761,0.00157846861790358,121.204427503915,108.782789594448,249.644098652211,1248.22049326105
"185",55027,0,0,0,0,0.0734974532081119,8.60912985176644e-05,0.0403108210501256,0.000595947556615018,0,5.6772142425822e-05,0,0,0,0.237811453544469,0.0040297406209206,0,0.128071967762075,0.0024529989331261,0.928073701535792,0.000510812191384301,118.272337960212,120.487132919014,139.880131624984,699.400658124919
"186",55028,0,0,0,0,0.287074659357067,0.00738845566068051,0.106428767154444,0.245037135205279,8.83082349882133e-05,0.00274070726653635,0,0,0,0.417101521300975,0,0,0.00303707998564289,0.0265721164163385,0.89104660116993,0.0152958392004197,127.811575184732,117.361828075703,178.315335312407,891.576676562037
"187",55029,0,0,0,0,0,0,0.000124330903427607,0,0,0.00135481489721751,0,0,0,0.0254811532218587,0,0,0,0.00456614612993699,0.973099809359281,0,123.239183649563,156.029984375714,76.1118084449877,380.559042224938
"188",55045,10,0,0,0,0.6044817335165,0.0114674191893279,0.0592999598730016,0.0303138276003837,9.23550538737814e-05,0.0449061278493211,0,0,0,0.0142250239824585,0.0129094148280115,0,0.0125531040153488,0.0551870604960928,0.812687875310632,0.0101685624229135,106.79852936371,106.077565106076,135.953664201305,679.768321006525
"189",55101,293,0,0,0.000747323343151601,0,3.37077704837908e-05,0.220162458330778,0.402334152334152,0.00945502962070331,0.23747743035916,0,9.38108304603767e-05,0,0.00532350532350532,0,0,0,0.0395903454091624,0.837082259395056,0,103.924257306352,107.672104056803,179.089551401903,895.447757009517
"190",55114,17,0,0,0,0.260505767458269,0.0019899527818471,0,0.000368378398290724,0,0,0,0,0,0.000319261278518628,0.265257005329207,0,0.351261082050149,0.381989236960163,0.296440516277036,0.00385569390210958,106.068578139638,108.150747434223,84.2115822692006,421.057911346003
"191",55121,0,0,0,0,0.50052962039002,0.0148080060557904,0.0573563965037952,0.00217608356160877,0.000399644551434254,0.0936074945053499,0,0,0,0.00176646783236476,0,0,0.000230408847699752,0.214008123384222,0.585170407978013,0,114.603120628639,108.269197478547,156.867403600151,784.337018000756
"192",55130,0,0,0,0,0,0,0,0,0,0.00168196820861648,0,0,0,0.0305113323173697,0,0,0,0.041822030288534,0.904190807214019,0,127.111727394202,149.16115632694,144.665825732021,723.329128660105
"193",55903,335,0.000157166806370495,0,1.87876028344967e-05,0,0,0.306920910822985,0.291308675607712,0.0413546924573463,0.25227180959233,0,0.00651269180671601,0,0.0102944258172674,0,0.00115255658005029,0,0.0100085894885217,0.924356690375885,0.00235750209555742,103.681538465513,104.103130418328,181.858020251902,909.290101259512
"194",55906,0,0,0,0,0,0,0,0,0,0,0,0,0,0,0.00763226865585669,0,0.00190086691051525,0.138397657541622,0.807277172188362,0.0105699720630166,118.975508083243,124.595227244932,67.4633315841958,337.316657920979
"195",55907,44,0,0,0.00242933424279599,0,0.0807235521922736,0.0374198917807313,0.264312736443884,0.421319010039129,0.0214102430558103,0,0.0145560037153436,0,0,0.000914249684741488,0.000788146279949559,0.00141866330390921,0.0887431724453612,0.827885041205785,0.000977301387137453,106.342850698147,106.68464690202,134.863592348852,674.31796174426
"196",60002,8,0,0,0,0.00899939989864012,0.00174538459252295,0,0.0911147733303539,0,0,0.00157220857632244,0,0,0.483925030027094,0,0,0,0.037543963665243,0.670795597815986,0,122.322779085724,114.029095117206,100.69017318024,503.450865901199
"197",60003,0,0,0.140144922590406,0,0.000202658130209917,6.40803139935386e-05,0,0,0,0.00915985040838978,0,0,0,0.0133695963355282,0.148353850558259,0,0.00961923847695391,0.113233351783356,0.0940708281060616,0,141.821717386846,122.53249677529,179.74400965124,898.7200482562
"198",60004,0,0,0.020561720654,0,0,0,0,0,0,0.0046100484638498,0,0,0,0,0.0713564173073685,0,0.0549694146697346,0.0596385537691587,0.00340938112913744,0,128.672181286402,114.739268663799,287.914544696174,1439.57272348087
"199",60008,11,0,0,0,0.00251809602672644,0.00468184134065904,0,0.0380073434553935,0,0,0.00271848974163548,0,0,0.363674704773246,0,0,0,0.0194214106538432,0.674663737321686,0,120.164120170819,124.608386167477,93.6047847131205,468.023923565603
"200",60009,0,0,0.000512826356995521,0,0.000385247226918601,0.000609820154299873,0,0,0,0.0304507746024143,0,0,0,0.000251973794725349,0.000895906825690128,0,0,0.0522721646334073,0.280316712577912,0,136.090083398386,108.483468670216,118.408048553369,592.040242766846
"201",60051,0,0,0,0,0.142396957463273,0.0245789364942111,0,0,0,0,6.98507754600256e-06,0,0,0.0112024353120244,0,0,0.00240487062404871,0.287761492253621,0.372594513920095,9.1324200913242e-05,112.912909827133,136.681434139525,92.6906191158738,463.453095579369
"202",60052,28,0,6.86072723708713e-05,0,0.00359441106410211,0.000693048089330251,0,0.0338735617963627,0,0,1.85760239259188e-05,0,0,0.354002226895954,0.00116293455400223,0,0,0.0254538615829193,0.546299191633359,0,125.826836443443,115.685681427473,116.240710286939,581.203551434695
"203",60057,0,0,0,0,0.00698102817702252,0.00119345462572895,0,0.0318039244292071,0,0,0,0,0,0.192720110876067,0,0,0,0.0340191757542258,0.115523402066773,0,122.774469380078,105.809564293131,142.616972984977,713.084864924884
"204",60107,0,0,0.000715827619761316,0,2.56193477314068e-05,0,0,0,0,0,0,0,0,0.0210352482538307,0,0,0,0.0136992325299382,0.0222896534744876,0,132.558547387688,110.401358414747,144.574905339733,722.874526698664
"205",60153,44,0,0.0184424240463325,0,0,0,0,0.493904591241074,0,0,0.0106158676275949,0,0,0.0807743476962342,0,0,0.000217208329939453,0.10702072913998,0.276300572951249,0,124.486058311789,135.249137546842,231.272045156214,1156.36022578107
"206",60201,43,0,0.000834677305265541,0,0.00282066508313539,0.00122484078656356,0,0.110777444110777,0,0,0.000648793653568775,0,0,0.124457791124458,0.00423757090423757,3.33667000333667e-05,0.0714381047714381,0.0162324492368893,0.164010937978058,3.33667000333667e-05,131.105247419393,110.478780884416,151.680701463389,758.403507316944
"207",64033,0,0,0,0,0,0,0,0.00072223894071622,0.00495189292497555,0,0,0,0,0,0.112428528438158,0,0.00731266927475173,0.58352000072502,0.0051998029880151,0.00896780018055974,135.400106445761,138.059821643671,139.349307855485,696.746539277425
"208",69003,0,0,0,0,0,0,0,0,0,0.00140684244933537,0,0,0,0,0,0,0,0.0636862061451297,0.00134402104021427,0,125.039540177919,127.185855696065,1450.62611365783,7253.13056828913
"209",69013,0,8.8519075860848e-05,0,0.000147358144760957,0,0,0,0.0103862382343395,0.0592805641570418,0.0495961599480294,0,0.0105239321128909,0,0.000177038151721696,0,0,0,0.0233664816516314,0.183700347212629,0,118.615175524911,126.08192492033,332.045925970736,1660.22962985368
"210",69014,43,0.025693507994606,0,8.46163238812972e-05,0,0,0,0.0105952610287035,0.106982077037787,0.0149831432927484,0,0.0169103661436044,0,0,0.000939125409362358,0.0195771527643999,0.0821373531111539,0.0655701370930386,0.212398754961837,0.0195771527643999,120.867116961741,124.76496507617,585.968029902411,2929.84014951206
"211",69015,18,0.109054873680692,0,0.000976258405500711,0,0.000879519786862261,0.00315495577381103,0.0174554658770715,0.40898836560961,0.0879160263996091,0,0.0068241521657548,0,0,2.38788862887435e-05,0.00599360045847462,0.198935001671522,0.0882648615551277,0.558521852197844,0.00618463154878456,116.866890137531,121.428600152205,292.458417066242,1462.29208533121
"212",69021,407,0,0,0.0016762967888147,0,2.91970027949495e-05,2.10707696918049e-05,0.283890008229518,0.229013327104639,0.00358863954667292,0,0.000121156315878747,0,0,0.0980447799313261,0,0,0.246251561459105,0.598127745053052,0.00017026589857828,109.776532437695,112.510747581688,149.995985407796,749.979927038982
"213",69022,500,0,0,0.00782510303468192,0,0,5.42430544480932e-06,0.288065534345408,0.36900825385565,0.0741866889986947,0,0.217690145468721,0,0.000175359486948244,0,0.0129014479683351,0,0.0849535974632088,0.889719530862671,0.0129014479683351,111.079487350457,115.660610565076,150.238431074009,751.192155370043
"214",69029,8,0,0,0.000128312575931809,0,0,0,0,0.000124632060497868,0.000143461544480904,0,0.0899460156697879,0,0,0,0.00302245250431779,0,0.114352762373776,0.153135374640238,0.00302245250431779,110.666240072519,110.412110643384,503.023361704384,2515.11680852192
"215",69041,0,0,0,0,0,0,0,0,0,0,0,0,0,0,0.061715937602269,0,0.275089996727392,0.121183041490555,0,0,125.0094466356,127.53284768913,1118.84919332239,5594.24596661195
"216",69043,0,0,0,0,0,0,0,0,0,0.00270201190345784,0,0,0,0,0.205426601732971,0,0.0194801087850231,0.0691741418272254,0.0642345656816358,0,126.024815820226,121.018536811728,1282.8732707516,6414.36635375799
"217",69046,0,0.00612843058886224,0,0,0,0.00298644066789294,0,0.0292210675903721,0.0815105149455755,0.00114703353264003,0,0.000349790125924445,0,8.88178346211919e-05,0.49083696006158,0.020990614915475,0.0697220001776357,0.0581938609841548,0.215332494897004,0.020990614915475,127.907249197529,159.095558358314,446.934016220882,2234.67008110441
"218",69048,0,0.0375101050929669,0,0.000381053500855306,0,0,0,0.00226354082457559,0.140822891472053,0.0467726763111531,0,0.00463876715842059,0,0,0.00525464834276475,0.000619779035300458,0.0187819994610617,0.0653247400703372,0.226676104524273,0.000619779035300458,118.465705153929,126.707843537329,321.788388778547,1608.94194389274
"219",69052,0,0.000296612683158332,0,0,0,0,0,0.000207628878210832,0,0.00010949662458994,0,0,0,0,0,0,0,0.0220052893933975,0.000231098332340411,0,135.89968008025,131.983828794152,1034.63619153644,5173.18095768218
"220",69061,223,0,0,0.0224743166892571,0,0.000605868125961938,0.0115065126407214,0.102438772079551,0.389206752497985,0.13766873539611,0,0.0431585711426435,0,0,0.000879302764631339,0.00698269842501358,0.00607753381436367,0.157891681921686,0.7704960770548,0.0107068042516875,107.555110801756,115.657327264435,170.318046669332,851.590233346661
"221",69136,10,0.0466452505941654,0,8.10060957087021e-05,0,0,0,0.00603306432656899,0.0368270259352628,0.00781365600587043,0,0.020753397070358,0,0,0.00248113035075348,0.00300347358249105,0.0136592755099376,0.0431170372428288,0.109108460411646,0.00334299668312048,114.696865643146,119.985356681347,439.00756033032,2195.0378016516
"222",69147,0,0.00147041863683543,0,0,0,0,0,0,0,0.0166193146328492,0,0,0,0,0,0,0,0.0333822915291019,0.00319635637699144,0,126.317310759754,108.99431924761,944.412170891288,4722.06085445644
"223",69160,33,0,0,0.000799019153630568,0,0,0,2.66908663855229e-05,0.0132217305539265,4.58926851890618e-05,0,0.0576058201058201,0,0,0.0348048897667218,0,0.0207121123151657,0.0504722920900334,0.131870389693056,0,105.539258983773,96.3127138845199,418.827218333287,2094.13609166643
"224",69203,0,0,0,0,0,0,0,0,0.00269636907787001,0.000790237403867295,0,0,0,0,0,0,0,0.0430809198233568,0.181378932490591,0,120.357594064742,118.775363290185,616.614465288605,3083.07232644302
"225",69207,0,0.00304969503049695,0,3.68129890950723e-06,0,0,0,0.00051661500516615,0.000356497859054066,0.00241517311269089,0,0.000361532899493854,0,0,0.0006332700063327,0.0001333200013332,0.00048328500483285,0.0630190270736051,0.125308653905444,0.0001333200013332,130.217530139752,135.930489596905,621.246211508993,3106.23105754496
"226",69211,120,0.00309166122360113,0,0,0,8.97553269786562e-06,0,0.214587415632484,0.148370043262068,0.00193826218325105,0,0.00409384054584541,0,2.17722621380361e-05,0.213477030263444,0.00141519703897235,0,0.013823259146199,0.307264724250705,0.00167646418462878,122.085378195892,136.969180328742,188.317447747111,941.587238735554
"227",69213,56,0.00541786025656993,0,0.000109036538035939,0,0,0,0.0221073608170382,0.0678591741683779,0.0133463865213379,0,0.0085437299483889,0,0,0,0,0.00228338938016357,0.0163722848933014,0.203871336885118,0,118.123533924756,119.132706611219,388.860284140716,1944.30142070358
"228",69229,13,3.42073306309542e-05,0,0.0027561696868748,0,0,0,0,0.0055407421379334,0.00047234168046693,0,0.0352578389319615,0,0,0,0.000102621991892863,0,0.0243122283832789,0.0929851667771265,0.000102621991892863,106.391844032943,103.270000838574,402.496953986541,2012.4847699327
"229",69230,46,0,0,0.00526836782497532,0,0.000485182141336528,0,0.131135531135531,0.299697338759452,0.117441866157936,0,0.0203344160252326,0,0,0.002145473574045,0.00238095238095238,0.000261643118785976,0.183045105235758,0.607142006399856,0.00376766091051805,116.335388871516,131.55438895202,186.484296851497,932.421484257483
"230",69238,0,0,0,0,0,0,0,0,0.0173484725381865,0.000459521578874002,0,0,0,0,0.00309070016245988,0,0,0.00900727130089181,0.0507041930890196,0,124.986720417288,113.895107301682,575.691767046102,2878.45883523051
"231",69240,3,0.0106945563921599,0,0,0,0,0,0.00692000707727997,0.140201655212073,0.00285479030149669,0,0.0394317524227136,0,1.96591110149999e-05,0.0158649025891049,0.000865000884659996,0.00259500265397999,0.03085020249094,0.321050488805016,0.000865000884659996,119.215465236822,124.711808974991,237.628105984326,1188.14052992163
"232",69245,0,0,0,0,0,0,0,0.000227645237661628,0.000999783429702171,0.000272379198371541,0,0.000290330133458207,0,0,0,0,0,0.0677487519992245,0.00457645572190945,0,118.086229254396,121.419643820807,563.274574346103,2816.37287173052
"233",69252,0,1.94118217994759e-05,0,0,0,0,0,7.76472871979035e-05,0.00112537065779602,3.43178293893102e-05,0,0.000196661474803732,0,0,0,0,0.0330777443463069,0.166721601796658,0.00945598528777046,0,115.848015895819,120.428241766644,427.295653762891,2136.47826881446
"234",69253,44,0,0,0.00352031309153306,0,0,0,0,0.00216197499794148,0.0347316258031058,0,0.0259295995751295,0,0,0,0.00889941976529413,0,0.0665055779556645,0.119649345349598,0.00889941976529413,105.911988853227,107.703098363668,307.531351648816,1537.65675824408
"235",69254,452,0,0,0.0230607357307856,0,0,0,0.0477497395237732,0.480461719715605,0.125698317293215,0,0.196040302267003,0,0.000152473888846535,0,0,0,0.121525878994471,0.886219548038636,0,115.264344515498,111.885966106125,187.910638480251,939.553192401253
"236",69256,36,0.00436209634727369,0,0.000192696245540357,0,3.46680533888022e-05,0.0106738606598335,0.111445209105347,0.493440600369113,0.0321439468160064,0,0.265771516991215,0,0,0.00131286394917946,0.00207517204870302,0,0.0225385172020455,0.916185634494895,0.00207517204870302,108.589016070776,118.917425020144,226.440653095404,1132.20326547702
"237",69906,0,0,0,0,0,0,0,0,0,0.000968831288554311,0,0,0,0,0.00159452642565158,0,0.00136259530919317,0.094174053932768,0.00135123745619353,0,130.639760692355,131.509759630775,2160.11434936101,10800.571746805
"238",81028,0,0,0,0,0,0,0,0.00048828125,0.00053959156275011,0,0,0,0,0,0.176025390625,0,0.227973090277778,0.733511487608454,0.00244700495137112,0.0100640190972222,123.914864696193,118.227852194351,185.142099326906,925.710496634528
"239",81029,0,0.0442424425452239,0,0,0,0,0,0,0.00903151133886458,0,0,0,0,0,0.0212303324978105,0.00347295624075137,0.000181197716908767,0.229835115188929,0.0143965125297531,0.0172439827258177,138.742320438303,130.113103738884,188.462110447105,942.310552235526
"240",81031,0,0,0,0,0,0,0,0.00142907218162699,0.0263437160800124,7.33414204472947e-07,0,0,0,0,0.0118909590961793,0,0.0231078275406477,0.852170832703819,0.0366976506989621,0.000215709008547469,119.318990863016,129.273153748577,132.412134800754,662.060674003772
"241",81036,3,0,0,0,0,0,0,0.000670187384392676,0.000487899135307473,0,0,0,0,0,0.0770447417097821,0,0.0295686673994049,0.915047399647669,0.00195604094745533,0.000428919926011313,124.892999889541,126.0722519919,143.315022631947,716.575113159735
"242",81037,0,0,0,0,0,0,0,0,0.000136065378025719,0,0,0,0,0,0.494666894820899,0,0.0929158110882957,0.649031493988726,0.000276835070473401,5.70385580652521e-05,128.662185133416,132.000264558626,152.651718891729,763.258594458647
"243",81042,0,0,0,0,0,0,0,0.0403327099673431,0.000673472743931567,2.87938478621675e-05,0,0,0,0,0.0614341139364167,0,0.0211572277890976,0.89373888852794,0.037477035417781,0.00156306696067212,115.748465196191,121.247836080636,165.309946151328,826.549730756641
"244",81047,0,0.0369810003200559,0,0,0,0,0,0,7.74686949003908e-05,2.98143682894379e-06,0,0,4.14164995050728e-06,0,0.000756495679245832,0,0.000261863888969711,0.178125943345247,0.000121488398548214,0.0272047484651867,128.7664195506,118.26047616352,216.289780348949,1081.44890174475
"245",81704,0,0.0515736895949931,0,0,0,0,0,0,0.00142484484335979,2.96194493151983e-06,0,0,8.6523527910327e-06,0,0.000511524342540772,0.00216645603899621,0,0.136652291360599,0.000816205279954085,0.0215742913883372,124.030817440813,124.197406522452,232.648293088311,1163.24146544155
"246",81705,0,0.047970044520447,0,0,0,0,0,0,0.0408307491385232,0,0,0,0,0,0.0119998820650411,0.000117934958870183,0.000471739835480732,0.311109959912908,0.0583368112831316,0.044461479494059,127.637508161885,126.041013500844,180.385743746031,901.928718730153
"247",81706,0,0.0330202270500778,0,0,0,0,0,0,0.00316822618484733,0,0,0,0,0,0.000403388463089956,0,0,0.287785456063526,0.0198977661592902,0.00187287500720337,121.980127024266,120.978554604997,189.152836591338,945.764182956691
"248",81900,0,0,0,0,0,0,0,0,0,0,0,0,0,0,0.00384332925336597,0,0.00492044063647491,0.896643534742015,0,0.00281517747858017,119.361439785374,129.108433771564,178.497483136512,892.487415682558
"249",81901,35,0,0,0,0.000203368689356587,0,0,0.000553510641242078,0.0419583627179478,0.000482285976351714,0,0,0,0,0.0151108405059087,0.0321312927241026,0.00337641491157668,0.754169517603068,0.0994591039345249,0.0321312927241026,110.454979475709,111.231812505997,151.167559537495,755.837797687475
"250",81907,0,0,0,0,0,0,0,0,0,0,0,0,0,0,0.00492776346735357,0,0.0103931011311457,0.905182409801616,2.28456547564653e-06,0.00132153656624482,117.392533842538,120.167034366124,173.038019703203,865.190098516014
"251",81908,0,0,0,0,0.000268461714376622,0,0,0.0225106007569937,0.0517517006366321,7.81353082401054e-05,0,0,0,0,5.69168160733089e-05,0.11679330658243,0,0.82080772743456,0.0966954385972862,0.11679330658243,114.697476620194,119.274732532349,160.333591612069,801.667958060343
"252",81909,0,0,0,0,0,0,0,0,0,0,0,0,0,0,0.121654111235775,0,0.000741304696265427,0.844180727965387,0,0.00961692578938932,124.189515908949,118.004003538609,175.498105148988,877.49052574494
"253",81911,0,0.032535190828617,0,0,0,0,0,0,0.105853020392459,0,0,0,0,0,0,0.0296618778116384,0,0.430567292761873,0.0955310982121712,0.162501813960238,126.947497228888,132.402150866258,180.824999934585,904.124999672926
"254",85004,0,0,0,0,0.373084257854369,0.00393206940512091,0.282442183374306,0.036,0,0.000136617610959801,0,0,0,0.0173617021276596,0,0.000141843971631206,0.0126241134751773,0.353717606284118,0.696955522170627,0.00317730496453901,111.994141327033,132.914043411184,127.011914670281,635.059573351405
"255",85011,49,0,0.000183107065316906,0,0.00275426988767503,0.0022561757313967,0.00207933172086606,0.0830199764982374,0.000294283791051743,0.0635499880677429,0.00055773379268715,0,0,0.00108695652173913,0.271592244418331,0.0170094007050529,0.375352526439483,0.14473787460209,0.219028041074799,0.0334606345475911,114.815446165516,123.777113524234,321.44033048733,1607.20165243665
"256",85012,18,0,0,0,0.305589192250997,0.00745711517638343,0,0.235018593692338,0,0,0,0,0,0.00635875890652057,0.000113549266187867,0,0.0192749879353905,0.130159270742919,0.516857840281031,0.0259176200073807,111.272951474562,118.018448785857,130.532412854799,652.662064273997
"257",85015,15,2.48323814253787e-05,0.0299955075852695,0,4.73557211092432e-05,5.53227390288093e-06,0,0.0448224484728085,0,0.0892030819841342,0.00594277301772532,0,0,0.00300471815247082,0.00434566674944127,0,0.0574372982369009,0.0685301367325712,0.197358851289987,0,123.075874610631,124.15309943969,390.519809266839,1952.59904633419
"258",85019,16,0,0.000619035939124239,0,0.0568536353400308,0.0122072351712851,0.006573715353018,0.550847457627119,0,0.00328511921908023,4.62081360367525e-05,0,0,0.00303606315011352,0.0179259728602355,0.0188235915307038,0.0545171339563863,0.0473364641760177,0.546414856645338,0.0253973282644279,123.852983417908,126.98687598435,262.518051379339,1312.59025689669
"259",85020,0,0,0.131863741181306,0,0,0,0,0.000209451498887289,0,0.0971165467799156,1.17449773909185e-05,0,0,0,0.00191124492734651,0,0.0146877863594711,0.19827974177312,0.11481237398618,0,125.289631606326,132.579578896929,463.610345440458,2318.05172720229
"260",85021,0,0,0.000922816091337332,0,0.00135724735563333,9.00856632761699e-05,0,0.0504494495505505,0,0.00777517737031236,1.01179372055522e-05,0,0,0.000454499545500455,0.00292899707100293,0,0.051989698010302,0.0189285911729476,0.0906250988079805,0.00138874861125139,123.442193487167,120.009365689748,171.841313431711,859.206567158554
"261",85022,0,0,0,0,0.0381020623036299,0.000792435453990555,0,0.00043575516369869,0,0,0,0,0,0.00209162478575371,0,0,0,0.00109172472657258,0.394746655256572,0.00444470266972664,116.210361457765,140.038602106816,117.421832541209,587.109162706045
"262",85024,181,0,0,0,5.13998976285372e-05,0.000750775617457741,0.0885319930636608,0.328662044549344,0.0158766961456505,0.373290477138147,0,0,0,0,0.0207110193243841,0,0.0835816492107981,0.0232429773540555,0.707611362877274,0.000590057530609234,114.495350653277,117.54408009945,278.88355887168,1394.4177943584
"263",85104,106,0,0,0,0.166231648928785,0.00408227993799846,0.382017219124121,0.205354145686472,0,0.00451134323522103,0,0,0,0.000139867964641379,0,0.000139867964641379,0.0360020140986908,0.13028721143421,0.794657857132165,0.00173436276155309,111.10945179451,125.033533268519,146.344313760907,731.721568804535
"264",85108,45,0,0,0,0.238783706489669,0.00462681535476233,0,0.226678608413334,0,2.77369648152639e-05,0.0472188244420533,0,0,0.0247697948445241,0.00355453553136108,0.000307873156259621,0.0368048364074001,0.0504741436013992,0.591065376405892,0.095328724565479,109.350518841586,119.605395493307,116.644792022968,583.223960114838
"265",85109,37,0,0,0,0.247479601883353,0.00549346895963659,0.105709219144478,0.00987861029719548,0,0.00107859960332494,0,0,0,0.404102134784429,0,0.0015069066555044,0,0.156747561636916,0.810373242633428,0.0262313380772987,118.953398283153,146.963173412074,175.030620923521,875.153104617603
"266",85112,29,0,8.39912649084495e-05,0,0.240817033897561,0.083092648585225,0,0.0380123104638943,0,0.00296299623449443,0,0,0,0.0204173547515388,0.00123104638943102,0.00264224590902267,0.0177450833208227,0.0413711530831481,0.506125699504811,0.00717609968473202,113.278737579923,128.263505399122,135.787308430599,678.936542152995
"267",85119,10,0,3.39908677868546e-05,0,0.0951521282719854,0.0128801160507101,0.0143233534693638,0.510521014046673,0,0.00160457495689538,0,0,0,0.0566343947618781,0.000363758464379652,0.000615591247411719,0.0098494599585875,0.0242401401012846,0.623360325571942,0.00721920644691925,133.712445162308,114.926606988962,221.03728100706,1105.1864050353
"268",85120,0,0,0,0,0.00357651040264585,7.58087414370581e-05,0,0.559418077527986,0,0,0,0,0,0.00383939309834397,0,0.000138773244518457,0.000693866222592284,0.0270385395234891,0.25353248399292,0.0031686557498381,127.051271256752,109.542321309916,265.505629167888,1327.52814583944
"269",85121,0,0,0.00546018969557909,0,0.00114936511260447,2.38703363330389e-05,0,0.0167616191904048,0,0.0524530830999038,0,0,0,0,5.99700149925037e-05,0,0.00458770614692654,0.0118987400411095,0.0524669448106531,0,124.83301544273,121.242177939351,289.396491453663,1446.98245726832
"270",85123,28,0,0,0,0.0799592751153986,0.0001460010607424,0,0.557512431920436,0,0,0,0,0,0.000769595074591523,0.00236798484489699,0,0.0168718920198911,0.0208639677770746,0.42007211304712,0.000799194885152735,111.828987465442,125.234786314322,151.867851122098,759.339255610489
"271",85153,48,0,0,0,0.00103108390649869,0,0,0,0.493162224279044,0.163320078064242,0,0,0.04281512422854,0,0,0,0.47245684454185,0.0136839865588637,0.678587258685398,0,120.50422506588,126.093583859684,297.380335589014,1486.90167794507
"272",85155,182,0,0.000447650344385549,0,0.00927239704677809,0.0185588750488935,0.0124551501065687,0.435707654866146,0,0.080259460845554,0,0,0,0.02406101813985,0.0130215520485737,0.0595127581102441,0.0541937426299019,0.0392646785196628,0.454003020339092,0.102516496474898,116.246206426059,126.9471624699,233.030938828561,1165.15469414281
"273",85156,29,0,0.0106173668930105,0,0,0,0,0,0,0.135929338287659,0,0,0,0,0,0,0,0.182496819120438,0.0886485125808275,0,115.243932809142,118.269035205113,544.615708675946,2723.07854337973
"274",85169,0,0,0,0,0,0,0.000802758984310005,0.000332514835277266,0,0.00775444479637107,0,0,0,0.0778340495191324,0,0,0.00555043994270514,0.0341740442054297,0.741713647334905,0,123.53169520675,149.648079388928,215.081340773798,1075.40670386899
"275",85174,118,0,0.0756852092640035,0,0.000221740664214081,2.2521797882951e-05,0,0.0104552799163578,0.00141887326662591,0.223115520756748,0.000660177120690917,0,0,0,0,0,0,0.252663852106751,0.246222645099905,0.000126730665652821,118.84670044267,118.154107934079,410.861161196324,2054.30580598162
"276",85203,33,0,0.00839793281653747,0,0,0,0,0.0185062970906891,0.0166282498272561,0.308892979825777,0,0,0,0,0,0,0.0249958752681076,0.0484682393577651,0.33440694061393,0.0561788483748556,117.631545312682,118.462590434232,543.451546330054,2717.25773165027
"277",85206,127,0.000535117056856187,0.0376026476601416,0,0,0,0,0,0.00106150605699257,0.143845216927855,0,0,0,0,0,0,0,0.188160468046859,0.203206419372714,0.000695652173913044,114.499247234538,113.366233469038,524.39164059377,2621.95820296885
"278",85251,78,0,0,0,0.499116052638486,0.0104562718906635,0.147967054965932,0.0312421264802217,0,0.000330499808872034,0,0,0,0.00709666582682456,0,0.0198412698412698,0.000671873687746704,0.292140389220826,0.666019852699944,0.0425799949609473,115.038683894032,119.549945689379,143.252411905083,716.262059525413
"279",85313,8,0,0,0,0.276795359674184,0.000389468951871735,0,0.133895728088675,0,0.000144834837397451,0.000986058680865329,0,0,0.0131688655647653,0,2.4523027122468e-05,0.0177056255824219,0.146749788815149,0.437070783288762,0.0756290156456913,108.427681242614,152.029532565097,146.610052651967,733.050263259833
"280",85316,73,0,0.000587694829113243,0,0.000281831702331393,1.06639594428294e-05,0,0.264159177924577,0,0.648403182128528,0.000630272273536124,0,0,0,0.00821281913943939,0,0.0342994306572239,0.00317368990356954,0.71992416302498,0,121.563919505894,134.477521114446,228.292438309261,1141.46219154631
"281",85317,0,0,0,0,0.302821564687358,0.000306750399720983,0,0,0,0,0,0,0,0.0478566067723279,0,2.20740806145424e-05,0.00801289126307889,0.0436082294271844,0.651795448286789,0.0227583771135932,112.505515586286,142.800387923909,99.5336208846976,497.668104423488
"282",85318,43,0,0,0,0.0636680004557209,0.00029489631313587,0,0.506152681149131,0,0,0,0,0,0.066993232050736,0,0,0,0.00594774460211588,0.468465011058707,0.000899238014103838,103.017670205893,129.854488392368,124.602914067304,623.01457033652
"283",85321,0,0,0,0,0.00526039749084771,0.00120047749833953,0,0.0134916612362127,0,8.34105927023851e-05,0,0,0,0.0661308618733859,0.002799700721647,0.00181015132865108,0.0515772451910313,0.0022063208990038,0.280649181312665,0.00977481717471581,120.048754628911,130.157373825605,150.409768447776,752.048842238879
"284",85323,49,0,0.138211088976825,0,4.00485922919809e-05,0,0,0.170064895203017,0,0.0178559877552694,0,0,2.7730999223532e-05,0,0.0750460405156538,0,0.0732701920547224,0.114514652223229,0.285697359000474,2.19240550732263e-05,109.181108529452,116.486139161149,216.25706666835,1081.28533334175
"285",85368,6,0,0.12879762096126,0,0.00689918619027093,7.9579026947448e-05,0,0.012562582547532,0,0.0293112383211865,0,0,0,0.00144362195533987,0,0,0.000430015050526768,0.23980996372416,0.10434586751736,0,109.232538120091,115.281800785588,289.222690013464,1446.11345006732
"286",85901,398,0,0,0,0.00726244186999473,0.000675181303664809,0,2.84470742184166e-05,0.802658761755149,0.219936959767347,0,0,0.0366438029736418,0,0,0,0.164224959462919,0.0166853164428195,0.853647606987105,0,121.683827281297,126.007595734157,242.700388266266,1213.50194133133
"287",85902,135,0,0.0531274131274131,0,0,0,0,0.00168073111803635,0.0218207329509703,0.271770177653894,0,0,0.00286667190858101,0,0,0,0,0.0931602553614233,0.467262606804005,0.00101544171714696,120.817241192221,119.35305923855,444.867120930369,2224.33560465184
"288",85903,391,0,0.00440490902639275,0,0.00121106439900631,0.000155521460466146,0,6.13817021145996e-05,0.738176630507927,0.234321447366675,0,0,0.0372879156345745,0,0.00147316085075039,0,0.00128901574440659,0.0394375872504839,0.849351686236451,0,121.255850146535,126.543628778637,313.759466391879,1568.79733195939
"289",85904,134,0,0,0,0.000365541610820032,0,0,0,0.762923323716597,0.0833646152412423,0,0,0.019595288334829,0,0,0,0.0353293413173653,0.0220064956047105,0.757150364208161,0,126.490497768813,130.582737839043,270.379467624688,1351.89733812344
"290",85906,0,0,0.0056101534580618,0,0,0,0,0.00856731911700331,0.00166939698884468,0.265364655938608,0,0,0,0,0,0,0.00728534800825464,0.0433571420869654,0.279865307726216,0.00137577387280345,120.638846135264,119.660417709718,615.4142269586,3077.071134793
"291",85909,45,0,0.00110086214888291,0,0.00157772111027537,3.67693406731941e-05,0,0.000253721244925575,0.228032945329243,0.24471917640162,0,0,0.0363178851251153,0,2.8191249436175e-05,0,0.120996842580063,0.0226586524404847,0.527260307562966,0,119.682709405397,123.349885775921,425.351485519712,2126.75742759856
"292",89005,0,0.00225467038866223,0,0,0,0,0,0.185017178441056,0.256127974824625,0.00594655062596678,0,0,0,0,0.049092763581705,0.0011810178226326,0.0747262185956624,0.0241379336711482,0.430232774760845,0.0011810178226326,131.475912776874,126.330654130064,401.053719785869,2005.26859892934
"293",89006,10,0,0,0,0,7.72037972390734e-05,0,0.192654450679503,0.170715411956493,0.00139179029768897,0,2.3704827488118e-05,0,0,0.204702002606314,0.000930826307810962,0.204436052232653,0.0243895524477259,0.690124194962969,0.000930826307810962,126.063877232984,131.587177893595,226.894507587554,1134.47253793777
"294",89016,0,0.00273297894705229,0,0,0,0,0,0.0110520467309367,0.072794790312485,0.000786652489867053,0,1.26782884310618e-05,0,0,0.556266330300027,0.0151665315193561,6.00654713637865e-05,0.00840215210213691,0.270916770985393,0.0151665315193561,132.677470202144,134.398685193824,331.009115378548,1655.04557689274
"295",89019,0,0.00149597238204833,0,0,0,0,0,0,0.00510084265782567,0,0,0,0,0,0,0,0,0.0186040692343143,0.00584667658685961,0,122.672260554243,116.825573725193,1077.88891729873,5389.44458649365
"296",89021,0,0,0,0,0,0.00570505605270791,0,0.0399740647816649,0.209503814457953,9.2209524629164e-06,0,0,0,0,0.721309164716827,0,0,0.00355928765068573,0.350406621249608,0,126.129423280555,154.529834398151,160.639532491323,803.197662456613
"297",89029,0,0.00475133720268579,0,0,0,0,0,0.0376977352907705,0.0859047356874598,0.00927124537502827,0,0,0,0,0.0164731990440423,0,0.00862068965517241,0.0364696841091051,0.137508092759593,0,135.444745459102,128.470789433627,550.693113143696,2753.46556571848
"298",89035,0,0.000495309131169512,0,0,0,0,0,0,0,0,0,0,0,0,0,0,0.00442864634928034,0.080000360410688,0.00036311906460529,0,144.554401284995,129.170832034274,1336.18185181328,6680.9092590664
"299",89036,0,0.00622971719981456,0,0,0,0,0,0.00185442744552619,0.00797120082283363,0.00204941578787603,0,0,0,0,0.0163421418636996,0,0.0972415391747798,0.0714157089863881,0.01336059011493,0,129.66037296659,124.846214808672,790.345322170184,3951.72661085092
"300",89043,0,0,0,0,0,0,0,0,0,0,0,0,0,0,0,0,0.00657033960976165,0.0295595783522354,0,0,130.681848857755,116.317776602637,1531.06339260535,7655.31696302677
"301",89046,0,0.00122898162113848,0,0,0,0.00241510538641686,0,0.0415619239148651,0.097685727296383,0.00040776424953081,0,0.00589251125994726,0,0.00145243282498184,0.709206189598346,0.000865873414893023,0.00924529355901905,0.0582460610794998,0.231220138722909,0.000865873414893023,121.836993027871,161.005235503182,313.457879995135,1567.28939997568
"302",89049,0,0.00751153809927475,0,0,0,0,0,0.017260054629368,0.0396430775341708,0.00226075715494022,0,0,0,0,0,0,0.00127154563435999,0.0495222041594932,0.0973230324674489,0,141.306757113442,129.417102340524,706.353030581045,3531.76515290522
"303",89050,0,6.95442533265335e-05,0,0,0,0,0,0.231281005146275,0.14600800304878,0.0154006479110853,0,0,0,0,0.00264268162640827,0.00356993833742872,0.0984514812925959,0.0167053786271004,0.456039069922317,0.00361630117297974,132.828606326141,129.700889006494,243.712093005874,1218.56046502937
"304",89054,0,0,0,0,0,0,0,0,0,0,0,0,0,0,0,0,0.000859106529209622,0.0470075665534603,0,0,122.960088147183,117.429524729168,1847.64771141318,9238.23855706589
"305",89055,0,0.000583676513505626,0,0,0,0,0,0,0.000308672123781429,0.00723260717487097,0,0,0,0,0,0,0.000389117675670417,0.0273968108950833,0.0253055080924997,0,118.668098866186,118.649632898475,710.03063637109,3550.15318185545
"306",89057,33,0.00917992656058752,0,0,0,0,0,0.0424405300409771,0.162469992199865,1.89676874064419e-05,0,0,0,0,0.488159225160981,0.00622638497152892,0.00976531318184237,0.017766653439866,0.407412139846099,0.00622638497152892,130.109184661032,145.591626279261,259.303500800889,1296.51750400444
"307",89061,0,0,0,0,0,0,0,0,0,0,0,0,0,0,0,0,0,0.0620435172546204,0,0,132.954017889194,109.764287470374,1935.00096790601,9675.00483953007
"308",89063,0,0,0,0,2.02889964656568e-06,0.00167452245100471,0,0.133860734706666,0.0640272264946663,7.7903886858627e-05,0,4.33797134769925e-05,0,0.000104435915511344,0.505757029842563,2.61089788778361e-05,0.18352001253231,0.00200758316434682,0.303567598823163,2.61089788778361e-05,114.192755866348,129.178772838022,126.142280243911,630.711401219553
"309",89069,9,0.0596485819975339,0,0,0,0,0,0.000539457459926017,0.00514522821576763,0.00379877554031128,0,0,0,0,0,0,0,0.130416256656293,0.117904395573505,0,124.76039564742,131.83102053083,283.673118765976,1418.36559382988
"310",89070,0,0.0433534819931935,0,0,0,0,0,0.0162289835932341,0.0261418835208506,0.00138315343649225,0,0,0,0,0.0075684461827602,0,0.0245085589475288,0.164244870294863,0.0321491023915259,0,128.46830867156,148.336039059184,399.830826673726,1999.15413336863
"311",89071,0,0.0176941909637213,0,0,0,0,0,0,8.96300347948392e-05,0,0,0,0,0,0.00888048074782996,0,0.0313821500111284,0.131045488971668,0.000665031970680037,0,124.561169798641,136.999881076338,519.907154493025,2599.53577246513
"312",89075,142,0,0,0,0,0,0,0.159419926236295,0.343132212581088,0.0001763287741198,0,0,0,0,0.204606468123542,0,0.0518102215420127,0.00928614207842982,0.559563103753132,0,113.46453742304,113.346594861426,182.2707855081,911.353927540498
"313",89152,0,0.012954580927111,0,0,0,0,0,0,0,0,0,0,0,0,0,0,5.8529733104417e-05,0.0686232533088035,0,0,124.164579654019,141.835397158115,700.315762999604,3501.57881499802
"314",89164,0,0,0,0,0,0.00179099553429403,0,0.115892984133991,0.159594198117098,0,0,0,0,0.024522425758356,0.588342038794478,0,0,0.00125614693937466,0.343225088741317,4.9044851516712e-05,127.088988080164,195.152623894283,187.109159549232,935.545797746158
"315",89906,0,0.00143777145424592,0,0,0,0,0,0.0172233038789876,0.133706488258868,0.000717724928616307,0,0,0,0,0.0104837501872098,0.0430732364834506,0.0326793470121312,0.0291514516239401,0.303414066109846,0.0430732364834506,129.343205705612,131.197204011524,358.07606453951,1790.38032269755
"316",89908,0,0.0208471012316011,0,0,0,0,0,0.00132171823370381,0.0177616169794408,0.000622139236726625,0,0,0,0,0.00228296785821568,0,0.0207269450285371,0.169904486886318,0.0164092285997806,0,127.386931398382,137.078465228905,488.824212596286,2444.12106298143
"317",89909,0,0,0,0,0,0,0,0,0,0,0,0,0,0,0,0,0,0.0279207116615518,0,0,123.174196386534,114.406274262453,1466.42755493671,7332.13777468354
"318",89950,0,0,0,0,0,0.00115068232609006,0,0,0.0925205648804146,6.18552715510854e-05,0,0,0,0.000278812764555294,0,0.0178186703165792,0.000785745063746737,0.00286982686967223,0.745010149655801,0.0178186703165792,132.590963338425,214.498439866792,143.014668336702,715.073341683512
"319",89951,0,0,0,0,0,0.0174505645877513,0,0.233984088767926,0.476649810595762,1.01270129970085e-05,0,0,0,0,0.000183188527164242,0,0.00727520150737988,0.000713954416289098,0.914715108616967,0,135.240515179251,201.67696008367,137.164579789092,685.822898945458
"320",92001,121,0.00171399941987712,0,0,0,0,0,0,0,0.237213678904536,0,0,0.000839624387595132,0,0,0,0.000791076655327901,0.172875343976272,0.244958270055072,0,125.338726749465,122.433025782696,384.450338862304,1922.25169431152
"321",92002,9,0.00620574878000621,0,0,0.00212611513665122,0,0,0.000451327184000451,0.570958669938515,0.184606733845399,0,0,0.00540685065803155,0,0.00383628106400384,0,0.364954444162365,0.0699330454820627,0.647082924848737,0.000394911286000395,112.103186089356,120.600886328755,188.750846598872,943.754232994361
"322",92005,95,0.0860373122360614,0,0,0,0,0,0,0.43460023226618,0,0,0,0,0,0,0.00686908643823168,0.00307371572138772,0.427840104563773,0.461093348046026,0.00732346180574117,121.668117125972,125.857494070091,158.733508891273,793.667544456365
"323",92007,0,0,0,0,1.16134576747535e-05,0,0,0,0.0275640340564996,0.000731648849730356,0,0,2.51760668358322e-05,0,0.00212543032480168,0.0046400239485107,0,0.228317089993544,0.0886157800936815,0.0046400239485107,125.495308745412,132.451259136184,264.06696452214,1320.3348226107
"324",92009,50,0.000213786152765477,0,0,0.0011137168064443,0.00427385319680277,0,0.162599639617628,0.276975530923496,0.131286452442729,0,0,0.0785726622852961,0,0,0,0.0298384387502672,0.0966077513878725,0.543927402950653,0.000152704394832483,127.36415860428,136.362530228775,190.83285385748,954.164269287397
"325",92011,184,0,0,0,0.127682034714434,0.0101293943306143,0,0.00780013240077138,0.514785840585973,0.20242774693242,0,0,0.0490062510487845,0,0,0,0.0123765938462424,0.0604275787957761,0.779130391925621,0,115.048281532819,114.311268097154,187.745276978323,938.726384891617
"326",92015,40,0,0,0,0.030046803389809,0.0860374818378086,0,0.282575300378559,0.0469932167122261,0.0436557898125658,0,0,0.0950804288571629,0,0,0,0.17603006528776,0.0432272954676332,0.730947273206585,0.00611729851319471,113.042901991555,123.451001713463,113.409323670953,567.046618354767
"327",92018,198,0,0,0,0.0140206427969125,0.0557073896061739,0,0.0818388554650393,0.336888344380569,0.0688546950507395,0,0,0.0771597209801467,0.000201502633927286,0,0,0.000143930452805205,0.0564039783753406,0.790025444118139,0,117.466553149468,120.662611832599,130.199659098997,650.998295494983
"328",92019,0,0,0,0,0.00446533490011751,0,0,0.00287673695836437,0.397424070484225,0.11595267719238,0,0,0.0177100812603984,0,0.00136131302494028,0.0297434053373745,0.0298718310944443,0.140328121552379,0.592863165480802,0.0297434053373745,123.436188057488,129.659401535324,220.335884134555,1101.67942067278
"329",92022,65,0,0,0,0.0294246965803219,0.0121897071704303,0,0.472859396415734,0.275027841737616,0.0847951604021136,0,0,0.0827993500009441,0,0,0,0.00364633168688096,0.0888110032034103,0.797959367283899,0,122.154202864163,130.359651016066,175.454611556993,877.273057784963
"330",92026,74,0,0,0,0.000179847930990399,2.46687534604779e-05,0,0.00162169718999021,0.206211592121348,0.138473222601617,0,0,0.105856068272366,0,0.0104291905494198,0,0.437382916258912,0.161280981411344,0.480359969513983,0.0168600587166224,124.331104829895,120.731533219437,355.709197284203,1778.54598642102
"331",92028,0,0,0,0,0.000139169304651994,2.65061454498225e-06,0,0,0.0296603767583514,0,0,0,0,0,0.719945862746139,0.040921394830423,0.053341117775065,0.238312983838326,0.0417858070431929,0.0434159545671673,123.135706072345,122.809160295909,153.890428603814,769.452143019071
"332",92030,73,0.00205038078500293,0,0,0,0,0,0,0,0.267054575760019,0,0,0.00131147989360466,0,0,0,0.00339777387229057,0.137883082847516,0.359402927923308,0,128.205589407228,120.045569041396,404.618851763233,2023.09425881617
"333",92039,75,0,0,0,0.0996195597735035,0,0,0.00544861157207656,0.62401219808721,0.0753413310419626,0,0,0.0059920904853851,0,0.00135523841132869,0,0.124294722867574,0.0340451161479053,0.731801560610662,0.0044529262086514,119.512043966208,113.307870180743,164.223529881409,821.117649407043
"334",92040,0,0.0500013827816035,0,0,0,0,0,0,0.125112485574617,0.0306174533583145,0,0,0,0,0.0468209850936143,0,0.24201443623994,0.39701131312979,0.146107834331799,0.0141596836195691,115.910885874652,120.232374188933,253.712653201397,1268.56326600699
"335",92042,5,0,0,0,4.10002419014272e-06,0,0,0,0.00015297658139541,0.148997134670487,0,0,0.00557138594222656,0,0,0,0,0.148146697777929,0.231997144679332,0,128.14746952264,120.096148838603,272.176208903319,1360.88104451659
"336",92044,0,0,0,0,0,0,0,0,0.559279804782249,0,0,0,0,0,0,0.00431883823251545,0.000620832995924096,0.243483983417846,0.624386485374682,0.139687424082922,117.984439190184,125.231698819893,133.112858451819,665.564292259095
"337",92053,85,8.9506817435928e-05,0,0,0.000843996188690895,0.00401200442268204,0,0.0137840498851329,0.184198963254405,0.147286781447599,0,0,0.0659724373947938,0,0.000954739385983232,0,0.0777814243518215,0.0659952029117866,0.393339395403366,0.0022376704358982,137.602264740643,142.390070902725,296.546813580961,1482.73406790481
"338",92059,79,0,0,0,0.116698604913688,0.00847519933070517,0,0.0192159028161237,0.533755022880249,0.0083424295542803,0,0,0.0253568681374785,0,0,0,0,0.124625786835305,0.828333435441527,0,113.720546266509,118.865755936457,133.730215022061,668.651075110304
"339",92061,105,0,0,0,0.0467928705679972,0.126418545093728,0,0.00648175655602668,0.640270483293754,0.0103232367383311,0,0,1.36653403694653e-05,0,0.0239554919383153,0,0.0411591541307694,0.0535632422424875,0.817773824951545,0,107.939979919181,108.325045716453,125.262406685435,626.312033427176
"340",92064,47,0,0,0,0,0,0,0,0.753419711129992,0,0,0,0,0,0.0476701365732015,0.000202975034070809,0.0127584307130223,0.100521466882983,0.821836591270566,0.000840896569721924,115.814521123476,116.981680547133,114.448887455601,572.244437278006
"341",92077,0,2.97220983801456e-05,0,0,9.59099214018194e-06,0,0,0,0.0506908611750797,0.166497059101599,0,0,0.0344419634965229,0,0,0,0.00395303908455937,0.0325594414340239,0.326106703726771,0,124.887848778746,120.858077919979,348.321008633456,1741.60504316728
"342",92081,214,0,0,0,0.0086440912954282,0.0597760911109564,0,0.446976287357935,0.24315597541696,0.0411400461777522,0,0,0.176267995557388,0,0,0,0,0.0288318316297118,0.902094357625608,0,113.962588408897,126.380557405577,141.36135261185,706.806763059252
"343",92082,240,0,0,0,0.03069839444293,0.159829208962424,0,0.132323823865696,0.183415615473832,0.0242371885387523,0,0,0.0638319897075268,0,0,0,0,0.0783780188682003,0.834532112220719,0,121.17153189401,129.077710260272,158.694629548903,793.473147744517
"344",92083,52,0,0,0,0.0623387247759445,0.043657191676456,0,0.0161457136290508,0.71745636494818,0.000290193907718337,0,0,0.0189532736242044,0,0,0,0,0.0678180924338466,0.837780129313541,0,118.376274707485,123.995521791863,153.090569030369,765.452845151847
"345",92084,87,0,0,0,0.00390216546817223,0.0296667299184053,0,0.00475573991386827,0.477271819353035,0.0415963807195308,0,0,0.19113936479448,2.64207772992681e-05,0,0,0.0011625142011678,0.0491595659838022,0.740189798989352,0.00153240508335755,127.207529195678,127.721433524998,214.565736963938,1072.82868481969
"346",92085,83,0,0,0,0.148038535492695,0.0149947674907126,0,0.00325267083531952,0.236687656115925,0.00380045801705557,0,0,0.324283697614346,0,0,0,0.00081316770882988,0.227443977837129,0.708215598838633,0,126.638711113359,128.624861398454,156.852004311016,784.260021555081
"347",92087,4,0,0,0,0,0,0,0,0.192344425981647,0.1031740274276,0,0,0.00072954858847046,0,0,0.0163276152233606,0,0.152538822209161,0.30752744492309,0.0167409725707874,119.52699818938,122.550332369114,196.980899830192,984.90449915096
"348",92090,0,0,0,0,0,0,0,0,0.0294704881316305,8.83558088422076e-06,0,0,0,0,0.117161053416719,0.0161225543634173,0.0210568592575592,0.742587868011148,0.0343155466270387,0.0161225543634173,118.946068141253,122.416670371172,168.470584641215,842.352923206076
"349",92097,136,0,0,0,0.0430251878393102,0.0835960729475187,0,0.501549100968188,0.0128952313121926,0.0436372767535402,0,0,0.0434165880631467,0,0,0,0.00024896265560166,0.0601155244954717,0.716507316988616,0,109.86837472915,111.036476343373,112.258556943948,561.292784719738
"350",92104,105,0,0,0,0.0015087163731087,0.00770963577918955,0,0.0358924879393522,0.281753524513402,0.0570929493101578,0,0,0.2293816459635,0.000248104755341144,0,0,0.110572019297037,0.151806100649512,0.673648228154958,0.00744314266023432,125.350289154049,127.752101641464,206.37413952917,1031.87069764585
"351",92120,57,0,0,0,0.000131216897555389,0,0,0,0.599038322980895,0.00226036762708165,0,0,0,0,0.031377364405894,0.00394503082871773,0.00488556797993521,0.253786950886554,0.640497646061501,0.00394503082871773,114.008818042886,124.827447419271,132.601804651248,663.009023256238
"352",92148,0,0,0,0,0,0,0,0,0.47392618780979,0.000250709978403755,0,0,0,0,0.0128550238971598,0.0186782398505741,0.0383727956930176,0.259713545522921,0.488365219169938,0.0186782398505741,126.605711034436,137.486616478896,171.59307342328,857.9653671164
"353",92150,0,0,0,0,9.62160165029711e-06,0,0,0,0.444257937826352,0.000731928716763448,0,0,0,0,5.27676639755158e-05,0.00453801910189436,0.0103424621392011,0.227106078907065,0.386840648931905,0.00453801910189436,125.496500109215,128.799941313224,258.753478352477,1293.76739176239
"354",92206,0,0,0,0,0,0,0,0,0.670801875154207,0,0,0,0,0,0.052793439261917,0.00494618144541261,0.00443362378267555,0.262220806624995,0.66772101239897,0.00494618144541261,120.951927376314,132.449140204476,155.995283759223,779.976418796117
"355",92250,0,0,0,0,0,0,0,0,0.133784960873444,1.54416419906777e-05,0,0,0,0,0,0,0.00260712614479578,0.192321974412464,0.169456529307938,0,124.275119573597,124.824793119121,282.139640317435,1410.69820158717
"356",92901,37,2.87546366851655e-05,0,0,0,0,0,0,0,0.112185855545802,0,0,9.25424654238214e-05,0,0,0,0.00782126117836501,0.136605869758066,0.136945882708595,0,129.827336366272,134.620623476371,452.75804791286,2263.7902395643
