OBJECTID_1 *,Shape *,OBJECTID,FNODE_,TNODE_,LPOLY_,RPOLY_,LENGTH,BBS_ROUTE_,ROUTE_,ROUTENAME,ACTIVE,STRATUM,BCR_REGION,ASSIGN2001,SOURCETHM,Shape_Length
9,Polyline,543,0,0,0,0,0.434,543,17004,HARMONY,1,87,16,1,Bbs10.shp,0.434514
10,Polyline,544,0,0,0,0,0.414,544,17005,BRIGGSDALE,1,36,18,0,Bbs10.shp,0.413542
12,Polyline,549,0,0,0,0,0.429,549,17006,PINNEO,1,36,18,1,Bbs10.shp,0.429305
4,Polyline,533,0,0,0,0,0.465,533,17007,FLEMING,1,36,18,1,Bbs10.shp,0.465316
24,Polyline,578,0,0,0,0,0.479,578,17012,KIOWA,1,87,18,1,Bbs10.shp,0.478683
16,Polyline,559,0,0,0,0,0.426,559,17013,LAST CHANCE,1,36,18,1,Bbs10.shp,0.426235
19,Polyline,562,0,0,0,0,0.428,562,17014,ABARR,1,36,18,1,Bbs10.shp,0.427798
32,Polyline,599,0,0,0,0,0.373,599,17019,RUSH,1,36,18,1,Bbs10.shp,0.372601
30,Polyline,594,0,0,0,0,0.361,594,17020,BOYERO,1,36,18,1,Bbs10.shp,0.360681
38,Polyline,612,0,0,0,0,0.424,612,17021,LAMAR,1,36,18,1,Bbs10.shp,0.423628
726,Polyline,4273,0,0,0,0,0.397,4273,17026,MICA BUTTE,0,87,16,9,Bbs10.shp,0.397156
41,Polyline,620,0,0,0,0,0.398,620,17027,GILPIN,1,36,18,1,Bbs10.shp,0.397978
44,Polyline,633,0,0,0,0,0.387,633,17028,TWO BUTTES,1,36,18,0,Bbs10.shp,0.387485
14,Polyline,555,0,0,0,0,0.377,555,17035,HUDSON,1,36,18,1,Bbs10.shp,0.376838
8,Polyline,540,0,0,0,0,0.382,540,17036,WILDHORSE L,1,36,18,1,Bbs10.shp,0.381683
13,Polyline,550,0,0,0,0,0.439,550,17037,WAVERLY,1,36,18,1,Bbs10.shp,0.438695
18,Polyline,561,0,0,0,0,0.444,561,17042,ADAMS CO.,1,36,18,1,Bbs10.shp,0.444241
20,Polyline,566,0,0,0,0,0.373,566,17043,GORDON CREEK,1,36,18,1,Bbs10.shp,0.37284
27,Polyline,589,0,0,0,0,0.374,589,17044,BETHUNE,1,36,18,1,Bbs10.shp,0.373947
31,Polyline,595,0,0,0,0,0.412,595,17049,EDISON,1,36,18,1,Bbs10.shp,0.41226
36,Polyline,610,0,0,0,0,0.384,610,17050,CROWLEY,1,36,18,1,Bbs10.shp,0.383623
29,Polyline,592,0,0,0,0,0.427,592,17051,CHEYENNE,1,36,18,0,Bbs10.shp,0.427375
51,Polyline,659,0,0,0,0,0.414,659,17056,TRINCHERA,1,87,18,1,Bbs10.shp,0.413564
47,Polyline,643,0,0,0,0,0.365,643,17057,VILLEGREEN,1,87,18,1,Bbs10.shp,0.365461
50,Polyline,654,0,0,0,0,0.429,654,17058,CAMPO,1,36,18,1,Bbs10.shp,0.429165
45,Polyline,634,0,0,0,0,0.443,634,17126,CONE MTN,1,87,18,1,Bbs10.shp,0.442863
2,Polyline,526,0,0,0,0,0.472,526,17205,GROVER,1,36,18,1,Bbs10.shp,0.472184
7,Polyline,538,0,0,0,0,0.476,538,17206,STONEHAM,1,36,18,1,Bbs10.shp,0.476335
5,Polyline,535,0,0,0,0,0.366,535,17207,AMHERST,1,36,18,1,Bbs10.shp,0.366456
15,Polyline,557,0,0,0,0,0.448,557,17212,PROSPECT VAL,1,36,18,1,Bbs10.shp,0.448178
23,Polyline,577,0,0,0,0,0.447,577,17213,LIMON,1,36,18,1,Bbs10.shp,0.447474
22,Polyline,571,0,0,0,0,0.46,571,17214,KIRK,1,36,18,0,Bbs10.shp,0.460453
39,Polyline,613,0,0,0,0,0.435,613,17218,WET MTNS.,1,62,16,1,Bbs10.shp,0.435231
40,Polyline,617,0,0,0,0,0.449,617,17219,DOYLE BRIDGE,0,36,18,9,Bbs10.shp,0.449083
37,Polyline,611,0,0,0,0,0.411,611,17220,HASWELL,1,36,18,0,Bbs10.shp,0.410974
35,Polyline,609,0,0,0,0,0.46,609,17221,NEEGRANDE,1,36,18,1,Bbs10.shp,0.460405
43,Polyline,631,0,0,0,0,0.382,631,17227,NINAVIEW,1,87,18,1,Bbs10.shp,0.382175
49,Polyline,650,0,0,0,0,0.45,650,17228,EDLER,1,36,18,1,Bbs10.shp,0.449827
6,Polyline,536,0,0,0,0,0.401,536,17305,NUNN,1,36,18,1,Bbs10.shp,0.40058
11,Polyline,547,0,0,0,0,0.468,547,17306,FORT MORGAN,1,36,18,1,Bbs10.shp,0.467868
1,Polyline,525,0,0,0,0,0.468,525,17307,JULESBURG,1,36,18,1,Bbs10.shp,0.468074
21,Polyline,569,0,0,0,0,0.452,569,17312,BENNETT,1,36,18,1,Bbs10.shp,0.451525
25,Polyline,582,0,0,0,0,0.391,582,17313,FLAGLER,1,36,18,1,Bbs10.shp,0.391204
26,Polyline,583,0,0,0,0,0.385,583,17314,BURLINGTON,1,36,18,0,Bbs10.shp,0.385453
33,Polyline,600,0,0,0,0,0.355,600,17319,ELLICOTT,1,36,18,1,Bbs10.shp,0.355045
28,Polyline,590,0,0,0,0,0.458,590,17320,KARVAL,1,36,18,1,Bbs10.shp,0.458061
34,Polyline,607,0,0,0,0,0.373,607,17321,SHERIDAN LAK,1,36,18,1,Bbs10.shp,0.373169
46,Polyline,635,0,0,0,0,0.402,635,17326,WALSENBURG,1,84,16,1,Bbs10.shp,0.402069
42,Polyline,623,0,0,0,0,0.405,623,17327,TIMPAS,1,36,18,1,Bbs10.shp,0.405335
48,Polyline,644,0,0,0,0,0.388,644,17328,PRITCHETT,1,36,18,1,Bbs10.shp,0.388362
682,Polyline,3740,0,0,0,0,0.429,3740,17362,ELBERT,1,87,18,1,Bbs10.shp,0.4286
681,Polyline,3731,0,0,0,0,0.385,3731,17376,LUDLOW,1,84,16,1,Bbs10.shp,0.384919
680,Polyline,3730,0,0,0,0,0.469,3730,17419,DOYLE BRIDGE 2,1,36,18,1,Bbs10.shp,0.467036
17,Polyline,560,0,0,0,0,0.373,560,17900,ARSENAL,1,36,18,1,Bbs10.shp,0.372959
3,Polyline,527,0,0,0,0,0.442,527,17901,ROCKPORT,1,36,18,1,Bbs10.shp,0.442197
84,Polyline,1142,0,0,0,0,0.393,1142,36001,MT HAMILL,1,32,22,1,Bbs10.shp,0.392565
81,Polyline,1139,0,0,0,0,0.441,1139,36002,EXLINE,1,32,22,1,Bbs10.shp,0.440621
80,Polyline,1138,0,0,0,0,0.423,1138,36003,MELROSE,1,32,22,1,Bbs10.shp,0.423446
83,Polyline,1141,0,0,0,0,0.399,1141,36004,BEDFORD,1,32,22,1,Bbs10.shp,0.39858
82,Polyline,1140,0,0,0,0,0.515,1140,36005,COLLEGE SPGS,1,32,22,1,Bbs10.shp,0.514817
69,Polyline,1127,0,0,0,0,0.443,1127,36006,BRYANT,1,32,22,1,Bbs10.shp,0.443149
74,Polyline,1132,0,0,0,0,0.472,1132,36007,WEST LIBERTY,1,32,22,1,Bbs10.shp,0.472292
71,Polyline,1129,0,0,0,0,0.417,1129,36008,CEDAR VALLEY,0,32,22,9,Bbs10.shp,0.417261
76,Polyline,1134,0,0,0,0,0.358,1134,36009,BROOKLYN,1,32,22,0,Bbs10.shp,0.357869
75,Polyline,1133,0,0,0,0,0.448,1133,36010,WILLIAMSBURG,1,32,22,1,Bbs10.shp,0.448297
78,Polyline,1136,0,0,0,0,0.472,1136,36011,RED ROCK,1,32,22,1,Bbs10.shp,0.472089
725,Polyline,4239,0,0,0,0,0.39,4239,36012,DESMOINES,0,32,22,9,Bbs10.shp,0.383261
73,Polyline,1131,0,0,0,0,0.365,1131,36013,PANTHER,1,40,11,1,Bbs10.shp,0.3652
72,Polyline,1130,0,0,0,0,0.408,1130,36014,WASHINGTON,1,40,11,1,Bbs10.shp,0.408288
77,Polyline,1135,0,0,0,0,0.454,1135,36015,NEOLA,1,32,22,1,Bbs10.shp,0.454228
79,Polyline,1137,0,0,0,0,0.464,1137,36016,WALES,1,32,22,1,Bbs10.shp,0.464498
66,Polyline,1124,0,0,0,0,0.41,1124,36017,MAQUOKETA,1,17,22,1,Bbs10.shp,0.410152
67,Polyline,1125,0,0,0,0,0.41,1125,36018,ALICE,0,32,22,9,Bbs10.shp,0.409843
64,Polyline,1122,0,0,0,0,0.378,1122,36019,PRAIRIEBURG,1,32,22,1,Bbs10.shp,0.378448
60,Polyline,1118,0,0,0,0,0.424,1118,36020,HUDSON,1,32,22,0,Bbs10.shp,0.423577
62,Polyline,1120,0,0,0,0,0.359,1120,36021,DINSDALE,1,32,22,0,Bbs10.shp,0.358561
57,Polyline,1115,0,0,0,0,0.456,1115,36022,KANAWHA,1,40,11,1,Bbs10.shp,0.455885
724,Polyline,4238,0,0,0,0,0.472,4238,36023,ZEARING,0,40,11,9,Bbs10.shp,0.471516
68,Polyline,1126,0,0,0,0,0.447,1126,36024,SCRANTON,1,40,11,1,Bbs10.shp,0.446621
58,Polyline,1116,0,0,0,0,0.384,1116,36025,CLARE,1,40,11,1,Bbs10.shp,0.383718
59,Polyline,1117,0,0,0,0,0.392,1117,36026,PIERSON,1,32,22,1,Bbs10.shp,0.392163
61,Polyline,1119,0,0,0,0,0.415,1119,36027,WASHTA,1,32,22,1,Bbs10.shp,0.415428
63,Polyline,1121,0,0,0,0,0.412,1121,36028,SIOUX CITY,1,32,22,1,Bbs10.shp,0.411658
52,Polyline,1110,0,0,0,0,0.389,1110,36030,DAVIS CORNER,1,32,22,0,Bbs10.shp,0.389148
723,Polyline,4237,0,0,0,0,0.473,4237,36031,GARNER,0,40,11,9,Bbs10.shp,0.472576
56,Polyline,1114,0,0,0,0,0.449,1114,36032,TITONKA,1,40,11,1,Bbs10.shp,0.449438
55,Polyline,1113,0,0,0,0,0.467,1113,36033,GAZA,1,32,22,1,Bbs10.shp,0.466975
53,Polyline,1111,0,0,0,0,0.434,1111,36034,ROCK VALLEY,1,32,22,1,Bbs10.shp,0.434252
70,Polyline,1128,0,0,0,0,0.406,1128,36108,TIPTON,1,32,22,1,Bbs10.shp,0.405513
679,Polyline,3702,0,0,0,0,0.405,3702,36118,LAFAYETTE,1,32,22,0,Bbs10.shp,0.404722
65,Polyline,1123,0,0,0,0,0.478,1123,36123,MCCALLSBURG,1,40,11,1,Bbs10.shp,0.477875
54,Polyline,1112,0,0,0,0,0.471,1112,36131,BURCHINAL,1,40,11,1,Bbs10.shp,0.470709
126,Polyline,1184,0,0,0,0,0.373,1184,38001,MELROSE,1,33,22,1,Bbs10.shp,0.373016
122,Polyline,1180,0,0,0,0,0.364,1180,38002,GALESBURG,1,33,22,1,Bbs10.shp,0.363532
117,Polyline,1175,0,0,0,0,0.44,1175,38003,HUMBOLDT,1,33,22,1,Bbs10.shp,0.439987
114,Polyline,1172,0,0,0,0,0.431,1172,38004,LAPLAND,1,35,22,1,Bbs10.shp,0.431141
722,Polyline,4236,0,0,0,0,0.419,4236,38005,THRALL,0,35,22,9,Bbs10.shp,0.419067
118,Polyline,1176,0,0,0,0,0.379,1176,38006,WELLINGTON,1,35,19,1,Bbs10.shp,0.37865
124,Polyline,1182,0,0,0,0,0.407,1182,38007,DALTON,1,35,19,1,Bbs10.shp,0.406953
116,Polyline,1174,0,0,0,0,0.389,1174,38008,ST JOHN,1,34,19,1,Bbs10.shp,0.388948
121,Polyline,1179,0,0,0,0,0.395,1179,38009,COATS,1,34,19,1,Bbs10.shp,0.395172
123,Polyline,1181,0,0,0,0,0.395,1181,38010,COLDWATER,1,34,19,1,Bbs10.shp,0.395285
125,Polyline,1183,0,0,0,0,0.405,1183,38011,ASHLAND,1,34,19,1,Bbs10.shp,0.404937
115,Polyline,1173,0,0,0,0,0.413,1173,38012,LAKIN,1,36,18,1,Bbs10.shp,0.412919
99,Polyline,1157,0,0,0,0,0.489,1157,38013,OLATHE,1,33,22,1,Bbs10.shp,0.489307
104,Polyline,1162,0,0,0,0,0.442,1162,38014,DOVER,1,33,22,1,Bbs10.shp,0.442453
102,Polyline,1160,0,0,0,0,0.113,1160,38015,BARCLAY,1,33,22,1,Bbs10.shp,0.113423
103,Polyline,1161,0,0,0,0,0.021,1161,38015,BARCLAY,1,33,22,1,Bbs10.shp,0.021341
106,Polyline,1164,0,0,0,0,0.05,1164,38015,BARCLAY,1,33,22,1,Bbs10.shp,0.049952
107,Polyline,1165,0,0,0,0,0.018,1165,38015,BARCLAY,1,33,22,1,Bbs10.shp,0.018471
110,Polyline,1168,0,0,0,0,0.255,1168,38015,BARCLAY,1,33,22,1,Bbs10.shp,0.25517
98,Polyline,1156,0,0,0,0,0.415,1156,38016,WREFORD,1,35,22,1,Bbs10.shp,0.414594
112,Polyline,1170,0,0,0,0,0.452,1170,38017,ELLINOR,1,35,22,1,Bbs10.shp,0.452007
721,Polyline,4235,0,0,0,0,0.47,4235,38018,CHAPMAN,0,35,22,9,Bbs10.shp,0.47025
100,Polyline,1158,0,0,0,0,0.382,1158,38019,BUCKEYE,1,35,19,1,Bbs10.shp,0.381548
111,Polyline,1169,0,0,0,0,0.446,1169,38020,ALBERT,1,34,19,1,Bbs10.shp,0.446255
109,Polyline,1167,0,0,0,0,0.408,1167,38021,KANOPOLIS,1,34,19,1,Bbs10.shp,0.408311
113,Polyline,1171,0,0,0,0,0.413,1171,38022,GRAY,1,34,19,1,Bbs10.shp,0.412732
108,Polyline,1166,0,0,0,0,0.379,1166,38023,HAYS,1,34,19,1,Bbs10.shp,0.379349
101,Polyline,1159,0,0,0,0,0.442,1159,38024,WALLACE,1,36,18,1,Bbs10.shp,0.442331
91,Polyline,1149,0,0,0,0,0.446,1149,38025,LEOVILLE,1,34,19,1,Bbs10.shp,0.446306
95,Polyline,1153,0,0,0,0,0.376,1153,38026,GRANTVILLE,1,32,22,1,Bbs10.shp,0.375669
92,Polyline,1150,0,0,0,0,0.458,1150,38027,ROCK CREEK,1,32,22,1,Bbs10.shp,0.458
86,Polyline,1144,0,0,0,0,0.43,1144,38028,HANOVER,1,32,19,1,Bbs10.shp,0.429679
88,Polyline,1146,0,0,0,0,0.368,1146,38029,SENECA,1,32,22,1,Bbs10.shp,0.367979
85,Polyline,1143,0,0,0,0,0.473,1143,38030,HOLLENBERG,1,34,19,1,Bbs10.shp,0.472513
93,Polyline,1151,0,0,0,0,0.358,1151,38031,MINNEAPOLIS,1,34,19,1,Bbs10.shp,0.35755
96,Polyline,1154,0,0,0,0,0.381,1154,38032,COVERT,1,34,19,1,Bbs10.shp,0.381184
89,Polyline,1147,0,0,0,0,0.439,1147,38033,JEWELL,1,34,19,1,Bbs10.shp,0.438796
87,Polyline,1145,0,0,0,0,0.392,1145,38034,PHILLIPSBURG,1,34,19,1,Bbs10.shp,0.391672
90,Polyline,1148,0,0,0,0,0.456,1148,38035,LOGAN,1,34,19,1,Bbs10.shp,0.45616
97,Polyline,1155,0,0,0,0,0.442,1155,38036,GOVE,1,34,19,1,Bbs10.shp,0.441505
119,Polyline,1177,0,0,0,0,0.361,1177,38037,MISSLER,1,34,19,1,Bbs10.shp,0.360855
94,Polyline,1152,0,0,0,0,0.379,1152,38038,RULETON,1,36,18,1,Bbs10.shp,0.379107
120,Polyline,1178,0,0,0,0,0.428,1178,38105,LONGTON,1,33,22,1,Bbs10.shp,0.427983
105,Polyline,1163,0,0,0,0,0.396,1163,38118,SOLOMON,1,33,19,1,Bbs10.shp,0.39638
678,Polyline,3701,0,0,0,0,0.363,3701,38301,PITTSBURG,1,33,22,1,Bbs10.shp,0.360449
676,Polyline,3699,0,0,0,0,0.081,3699,38302,MOREHEAD,1,33,22,1,Bbs10.shp,0.081055
677,Polyline,3700,0,0,0,0,0.322,3700,38302,MOREHEAD,1,33,22,1,Bbs10.shp,0.321922
675,Polyline,3698,0,0,0,0,0.419,3698,38303,REECE,1,35,22,0,Bbs10.shp,0.416173
674,Polyline,3697,0,0,0,0,0.507,3697,38304,BERWET,1,35,19,1,Bbs10.shp,0.506533
673,Polyline,3696,0,0,0,0,0.48,3696,38305,HOPEWELL,1,34,19,0,Bbs10.shp,0.477676
672,Polyline,3695,0,0,0,0,0.511,3695,38306,HODGES,1,34,19,0,Bbs10.shp,0.509676
671,Polyline,3694,0,0,0,0,0.575,3694,38307,PLYMELL,1,36,18,1,Bbs10.shp,0.572845
670,Polyline,3693,0,0,0,0,0.56,3693,38308,ULYSSES,1,36,18,0,Bbs10.shp,0.55868
669,Polyline,3692,0,0,0,0,0.487,3692,38309,TRADING POST,1,33,22,0,Bbs10.shp,0.482739
666,Polyline,3689,0,0,0,0,0.395,3689,38311,LINCOLNVILLE,1,35,22,1,Bbs10.shp,0.394744
667,Polyline,3690,0,0,0,0,0.122,3690,38311,LINCOLNVILLE,1,35,22,1,Bbs10.shp,0.121567
668,Polyline,3691,0,0,0,0,0.511,3691,38311,LINCOLNVILLE,1,35,22,1,Bbs10.shp,0.510692
665,Polyline,3688,0,0,0,0,0.514,3688,38312,LINCOLNVILLE,1,35,22,1,Bbs10.shp,0.511816
664,Polyline,3687,0,0,0,0,0.438,3687,38313,SUSANK,1,34,19,1,Bbs10.shp,0.436783
663,Polyline,3686,0,0,0,0,0.413,3686,38314,ASH VALLEY,1,34,19,1,Bbs10.shp,0.413299
662,Polyline,3685,0,0,0,0,0.475,3685,38315,GRIGSTON,1,36,18,1,Bbs10.shp,0.474566
661,Polyline,3684,0,0,0,0,0.47,3684,38316,LEOTI,1,36,18,1,Bbs10.shp,0.46465
660,Polyline,3683,0,0,0,0,0.571,3683,38317,SEVERANCE,1,32,22,1,Bbs10.shp,0.563872
659,Polyline,3682,0,0,0,0,0.579,3682,38318,OLSBURG,1,35,22,1,Bbs10.shp,0.578904
658,Polyline,3681,0,0,0,0,0.484,3681,38319,JAMESTOWN,1,34,19,1,Bbs10.shp,0.479585
657,Polyline,3680,0,0,0,0,0.416,3680,38320,BELOIT,1,34,19,0,Bbs10.shp,0.415366
656,Polyline,3679,0,0,0,0,0.503,3679,38321,DAMAR,1,34,19,1,Bbs10.shp,0.501966
655,Polyline,3678,0,0,0,0,0.42,3678,38322,REXFORD,1,34,19,0,Bbs10.shp,0.418527
654,Polyline,3677,0,0,0,0,0.639,3677,38323,WINONA,1,36,18,1,Bbs10.shp,0.633563
719,Polyline,4224,0,0,0,0,0.186,4224,42006,GRAN CHENIER,0,6,37,9,Bbs10.shp,0.185622
720,Polyline,4225,0,0,0,0,0.202,4225,42006,GRAN CHENIER,0,6,37,9,Bbs10.shp,0.201712
718,Polyline,4223,0,0,0,0,0.401,4223,42007,CREOLE,0,6,37,9,Bbs10.shp,0.400496
130,Polyline,1286,0,0,0,0,0.367,1286,42011,KEYSTONE,1,6,26,1,Bbs10.shp,0.366521
717,Polyline,4221,0,0,0,0,0.397,4221,42013,MAMOU,0,6,37,9,Bbs10.shp,0.397072
131,Polyline,1287,0,0,0,0,0.387,1287,42015,HACKBERRY,1,6,37,1,Bbs10.shp,0.387102
132,Polyline,1288,0,0,0,0,0.396,1288,42031,ESTHER,1,6,37,1,Bbs10.shp,0.3956
129,Polyline,1285,0,0,0,0,0.399,1285,42034,MAURICE,1,6,37,1,Bbs10.shp,0.3992
653,Polyline,3673,0,0,0,0,0.489,3673,42051,BROUSVILLE,1,6,26,1,Bbs10.shp,0.488865
652,Polyline,3672,0,0,0,0,0.398,3672,42052,KAPLAN,1,6,37,1,Bbs10.shp,0.395732
128,Polyline,1280,0,0,0,0,0.419,1280,42055,RICHARD,1,6,37,0,Bbs10.shp,0.418532
133,Polyline,1289,0,0,0,0,0.218,1289,42106,LTL CHENIER,1,6,37,1,Bbs10.shp,0.218001
134,Polyline,1290,0,0,0,0,0.038,1290,42106,LTL CHENIER,1,6,37,1,Bbs10.shp,0.037536
135,Polyline,1291,0,0,0,0,0.13,1291,42106,LTL CHENIER,1,6,37,1,Bbs10.shp,0.130462
127,Polyline,1270,0,0,0,0,0.401,1270,42113,VILLE PLATTE,1,6,37,0,Bbs10.shp,0.401464
651,Polyline,3656,0,0,0,0,0.474,3656,42307,VINTON,1,3,37,0,Bbs10.shp,0.473908
650,Polyline,3655,0,0,0,0,0.778,3655,42308,WOODLAWN,1,6,37,0,Bbs10.shp,0.777382
649,Polyline,3652,0,0,0,0,0.492,3652,42311,FORKED ISLAND,1,6,37,0,Bbs10.shp,0.491286
716,Polyline,4210,0,0,0,0,0.338,4210,42902,EAST EVANGELINE,0,5,26,9,Bbs10.shp,0.337587
163,Polyline,1627,0,0,0,0,0.463,1627,50003,HARTLAND,1,40,11,1,Bbs10.shp,0.463401
167,Polyline,1632,0,0,0,0,0.409,1632,50004,HUNTLEY,1,40,11,0,Bbs10.shp,0.408848
161,Polyline,1624,0,0,0,0,0.376,1624,50005,CHANDLER,1,40,11,0,Bbs10.shp,0.376029
162,Polyline,1625,0,0,0,0,0.39,1625,50006,ASH CREEK,1,40,22,1,Bbs10.shp,0.389809
156,Polyline,1615,0,0,0,0,0.437,1615,50008,LAKEVILLE,1,32,22,1,Bbs10.shp,0.436551
157,Polyline,1616,0,0,0,0,0.383,1616,50010,ARLINGTON,1,40,11,1,Bbs10.shp,0.383238
159,Polyline,1618,0,0,0,0,0.467,1618,50011,COURTLAND,1,40,11,1,Bbs10.shp,0.466668
154,Polyline,1613,0,0,0,0,0.491,1613,50012,REDWOOD FALL,1,40,11,1,Bbs10.shp,0.491032
153,Polyline,1612,0,0,0,0,0.394,1612,50013,MAYNARD,1,40,11,1,Bbs10.shp,0.39409
152,Polyline,1611,0,0,0,0,0.388,1611,50014,DAWSON,1,40,11,1,Bbs10.shp,0.388211
150,Polyline,1607,0,0,0,0,0.474,1607,50017,KNAPP,1,40,23,1,Bbs10.shp,0.474261
149,Polyline,1606,0,0,0,0,0.453,1606,50019,APPLETON,1,40,11,0,Bbs10.shp,0.452643
151,Polyline,1608,0,0,0,0,0.375,1608,50020,GLUEK,1,40,11,1,Bbs10.shp,0.374943
148,Polyline,1604,0,0,0,0,0.391,1604,50021,CHOKIO,1,40,11,0,Bbs10.shp,0.391165
145,Polyline,1585,0,0,0,0,0.484,1585,50029,GLYNDON,1,40,11,1,Bbs10.shp,0.48441
146,Polyline,1596,0,0,0,0,0.499,1596,50030,TENNEY,1,40,11,1,Bbs10.shp,0.498787
142,Polyline,1568,0,0,0,0,0.443,1568,50041,OKLEE,1,30,11,1,Bbs10.shp,0.443017
143,Polyline,1569,0,0,0,0,0.529,1569,50043,BELTRAMI,1,40,11,1,Bbs10.shp,0.529407
141,Polyline,1565,0,0,0,0,0.45,1565,50044,WYLIE,1,30,11,1,Bbs10.shp,0.44968
169,Polyline,1636,0,0,0,0,0.392,1636,50049,ERIE,1,30,11,1,Bbs10.shp,0.39239
140,Polyline,1563,0,0,0,0,0.46,1563,50050,GRYGLA,1,30,11,0,Bbs10.shp,0.459932
139,Polyline,1561,0,0,0,0,0.421,1561,50051,BADGER,1,30,11,1,Bbs10.shp,0.421197
137,Polyline,1558,0,0,0,0,0.482,1558,50052,LAKE BRONSON,1,30,11,1,Bbs10.shp,0.481749
168,Polyline,1633,0,0,0,0,0.413,1633,50054,LE ROY,1,32,22,1,Bbs10.shp,0.413447
165,Polyline,1629,0,0,0,0,0.414,1629,50055,AUSTIN,1,32,22,1,Bbs10.shp,0.4138
166,Polyline,1630,0,0,0,0,0.524,1630,50056,FAIRMONT,1,40,11,1,Bbs10.shp,0.524423
164,Polyline,1628,0,0,0,0,0.488,1628,50057,WORTHINGTON,1,40,11,0,Bbs10.shp,0.488412
155,Polyline,1614,0,0,0,0,0.381,1614,50060,FRANKLIN,1,40,11,0,Bbs10.shp,0.380939
160,Polyline,1619,0,0,0,0,0.529,1619,50061,TRACY,1,40,11,0,Bbs10.shp,0.52928
158,Polyline,1617,0,0,0,0,0.373,1617,50062,TYLER,1,40,11,1,Bbs10.shp,0.373353
147,Polyline,1601,0,0,0,0,0.523,1601,50065,GLENWOOD,1,40,23,1,Bbs10.shp,0.522662
170,Polyline,1641,0,0,0,0,0.471,1641,50066,CHOKIO,1,40,11,0,Bbs10.shp,0.470517
144,Polyline,1581,0,0,0,0,0.393,1581,50077,LOCKHART,1,40,11,1,Bbs10.shp,0.393488
138,Polyline,1559,0,0,0,0,0.508,1559,50081,WARROAD,1,30,12,1,Bbs10.shp,0.508084
136,Polyline,1557,0,0,0,0,0.539,1557,50082,GREENBUSH,1,30,12,1,Bbs10.shp,0.539355
171,Polyline,1643,0,0,0,0,0.016,1643,50904,BIG STONE,1,40,11,1,Bbs10.shp,0.016476
172,Polyline,1644,0,0,0,0,0.033,1644,50904,BIG STONE,1,40,11,1,Bbs10.shp,0.032606
173,Polyline,1645,0,0,0,0,0.008,1645,50904,BIG STONE,1,40,11,1,Bbs10.shp,0.008343
174,Polyline,1646,0,0,0,0,0.061,1646,50904,BIG STONE,1,40,11,1,Bbs10.shp,0.060902
175,Polyline,1647,0,0,0,0,0.007,1647,50904,BIG STONE,1,40,11,1,Bbs10.shp,0.007174
176,Polyline,1648,0,0,0,0,0.011,1648,50904,BIG STONE,1,40,11,1,Bbs10.shp,0.011144
177,Polyline,1649,0,0,0,0,0.011,1649,50904,BIG STONE,1,40,11,1,Bbs10.shp,0.010946
178,Polyline,1650,0,0,0,0,0.044,1650,50904,BIG STONE,1,40,11,1,Bbs10.shp,0.043878
179,Polyline,1651,0,0,0,0,0.011,1651,50904,BIG STONE,1,40,11,1,Bbs10.shp,0.011176
180,Polyline,1652,0,0,0,0,0.01,1652,50904,BIG STONE,1,40,11,1,Bbs10.shp,0.010314
181,Polyline,1653,0,0,0,0,0.035,1653,50904,BIG STONE,1,40,11,1,Bbs10.shp,0.03455
182,Polyline,1654,0,0,0,0,0.014,1654,50904,BIG STONE,1,40,11,1,Bbs10.shp,0.014147
183,Polyline,1655,0,0,0,0,0.049,1655,50904,BIG STONE,1,40,11,1,Bbs10.shp,0.04925
184,Polyline,1656,0,0,0,0,0.026,1656,50904,BIG STONE,1,40,11,1,Bbs10.shp,0.026416
185,Polyline,1657,0,0,0,0,0.058,1657,50904,BIG STONE,1,40,11,1,Bbs10.shp,0.058031
210,Polyline,1728,0,0,0,0,0.39,1728,52015,FILLEY,1,33,22,0,Bbs10.shp,0.389589
715,Polyline,4172,0,0,0,0,0.369,4172,52017,WASHINGTON,0,19,22,9,Bbs10.shp,0.368214
205,Polyline,1717,0,0,0,0,0.408,1717,52019,DANVILLE,1,31,22,1,Bbs10.shp,0.408395
714,Polyline,4171,0,0,0,0,0.377,4171,52022,COLE CAMP,0,33,24,9,Bbs10.shp,0.376684
209,Polyline,1727,0,0,0,0,0.383,1727,52023,OHIO,1,33,22,1,Bbs10.shp,0.383382
207,Polyline,1719,0,0,0,0,0.379,1719,52024,SNI MILLS,0,33,22,9,Bbs10.shp,0.378757
197,Polyline,1709,0,0,0,0,0.377,1709,52025,RENSSELAER,1,31,22,1,Bbs10.shp,0.376685
713,Polyline,4170,0,0,0,0,0.414,4170,52026,WARREN,0,31,22,9,Bbs10.shp,0.414143
198,Polyline,1710,0,0,0,0,0.362,1710,52027,MADISON,1,31,22,1,Bbs10.shp,0.361971
204,Polyline,1716,0,0,0,0,0.393,1716,52028,HUNTSVILLE,1,31,22,1,Bbs10.shp,0.393222
201,Polyline,1713,0,0,0,0,0.392,1713,52029,ROCKINGHAM,1,32,22,1,Bbs10.shp,0.39162
203,Polyline,1715,0,0,0,0,0.392,1715,52030,STET,0,32,22,9,Bbs10.shp,0.392471
712,Polyline,4169,0,0,0,0,0.453,4169,52031,HAMILTON,0,32,22,9,Bbs10.shp,0.452557
196,Polyline,1708,0,0,0,0,0.431,1708,52032,FRAZIER,1,32,22,1,Bbs10.shp,0.431345
187,Polyline,1699,0,0,0,0,0.383,1699,52033,KAHOKA,1,32,22,1,Bbs10.shp,0.382529
191,Polyline,1703,0,0,0,0,0.42,1703,52034,STICKLERVILL,1,32,22,1,Bbs10.shp,0.420191
189,Polyline,1701,0,0,0,0,0.435,1701,52035,TRENTON,1,32,22,1,Bbs10.shp,0.435352
190,Polyline,1702,0,0,0,0,0.382,1702,52036,BOLCKOW,0,32,22,9,Bbs10.shp,0.381522
711,Polyline,4168,0,0,0,0,0.467,4168,52037,TARKIO,0,32,22,9,Bbs10.shp,0.466484
194,Polyline,1706,0,0,0,0,0.446,1706,52066,LACLEDE,1,32,22,1,Bbs10.shp,0.445799
199,Polyline,1711,0,0,0,0,0.39,1711,52067,KEARNEY,1,32,22,0,Bbs10.shp,0.390192
188,Polyline,1700,0,0,0,0,0.387,1700,52068,KIRKSVILLE,1,32,22,1,Bbs10.shp,0.387413
192,Polyline,1704,0,0,0,0,0.444,1704,52070,MCFALL,1,32,22,1,Bbs10.shp,0.444061
193,Polyline,1705,0,0,0,0,0.429,1705,52071,NEW POINT,1,32,22,1,Bbs10.shp,0.42891
208,Polyline,1720,0,0,0,0,0.399,1720,52122,SEDALIA,1,33,24,1,Bbs10.shp,0.399371
206,Polyline,1718,0,0,0,0,0.399,1718,52124,KINGSVILLE,1,33,22,1,Bbs10.shp,0.398615
200,Polyline,1712,0,0,0,0,0.42,1712,52126,FRANKFORD,1,31,22,1,Bbs10.shp,0.419873
202,Polyline,1714,0,0,0,0,0.408,1714,52130,NORBORNE,1,32,22,1,Bbs10.shp,0.407644
195,Polyline,1707,0,0,0,0,0.474,1707,52131,CAMERON,1,32,22,1,Bbs10.shp,0.474373
648,Polyline,3643,0,0,0,0,0.385,3643,52136,BARNARD,1,32,22,1,Bbs10.shp,0.38457
186,Polyline,1698,0,0,0,0,0.451,1698,52137,WATSON,1,32,22,0,Bbs10.shp,0.451171
213,Polyline,1754,0,0,0,0,0.47,1754,53003,ST MARY,1,65,10,1,Bbs10.shp,0.469956
212,Polyline,1753,0,0,0,0,0.417,1753,53004,HAY LAKE,1,38,11,1,Bbs10.shp,0.417195
211,Polyline,1752,0,0,0,0,0.483,1752,53005,SUNBURST,1,38,11,1,Bbs10.shp,0.482626
219,Polyline,1764,0,0,0,0,0.379,1764,53006,VIRGELLE,1,38,11,1,Bbs10.shp,0.378859
216,Polyline,1760,0,0,0,0,0.485,1760,53007,CLEVELAND,1,39,11,1,Bbs10.shp,0.484697
215,Polyline,1758,0,0,0,0,0.404,1758,53008,HARLEM,1,38,11,1,Bbs10.shp,0.403953
218,Polyline,1763,0,0,0,0,0.487,1763,53009,MALTA,1,38,11,1,Bbs10.shp,0.487416
217,Polyline,1761,0,0,0,0,0.466,1761,53010,GLASGOW,1,38,11,1,Bbs10.shp,0.465925
220,Polyline,1765,0,0,0,0,0.394,1765,53011,OSWEGO,1,38,11,1,Bbs10.shp,0.394496
214,Polyline,1757,0,0,0,0,0.414,1757,53012,REDSTONE,1,38,11,0,Bbs10.shp,0.413779
226,Polyline,1775,0,0,0,0,0.433,1775,53016,AUGUSTA,1,65,10,1,Bbs10.shp,0.432997
222,Polyline,1770,0,0,0,0,0.42,1770,53017,GREAT FALLS,1,38,11,1,Bbs10.shp,0.420225
223,Polyline,1771,0,0,0,0,0.47,1771,53018,HIGHWOOD,1,39,17,1,Bbs10.shp,0.470022
221,Polyline,1767,0,0,0,0,0.465,1767,53019,LEROY,1,39,17,1,Bbs10.shp,0.465459
228,Polyline,1778,0,0,0,0,0.448,1778,53020,ROY,1,39,17,0,Bbs10.shp,0.44752
224,Polyline,1772,0,0,0,0,0.457,1772,53021,BRUSETT,1,39,17,1,Bbs10.shp,0.457371
225,Polyline,1774,0,0,0,0,0.377,1774,53022,JORDAN,1,39,17,1,Bbs10.shp,0.377381
227,Polyline,1777,0,0,0,0,0.393,1777,53023,CIRCLE,1,39,17,1,Bbs10.shp,0.392941
229,Polyline,1779,0,0,0,0,0.401,1779,53024,SAVAGE,1,39,17,1,Bbs10.shp,0.401429
235,Polyline,1800,0,0,0,0,0.422,1800,53029,TWO DOT,1,65,17,1,Bbs10.shp,0.421988
236,Polyline,1802,0,0,0,0,0.402,1802,53030,SHAWMUT,1,39,17,1,Bbs10.shp,0.401974
230,Polyline,1786,0,0,0,0,0.449,1786,53031,FLATWILLOW,1,39,17,1,Bbs10.shp,0.448749
231,Polyline,1792,0,0,0,0,0.433,1792,53032,INGOMAR,1,39,17,1,Bbs10.shp,0.432682
233,Polyline,1798,0,0,0,0,0.43,1798,53033,FORSYTH,1,39,17,1,Bbs10.shp,0.429973
232,Polyline,1795,0,0,0,0,0.388,1795,53034,LOCATE,1,39,17,1,Bbs10.shp,0.387833
237,Polyline,1805,0,0,0,0,0.474,1805,53035,WEBSTER,1,39,17,0,Bbs10.shp,0.473987
240,Polyline,1811,0,0,0,0,0.464,1811,53040,REED POINT,1,65,17,1,Bbs10.shp,0.463613
241,Polyline,1813,0,0,0,0,0.42,1813,53041,LAUREL,1,39,10,1,Bbs10.shp,0.419904
242,Polyline,1815,0,0,0,0,0.405,1815,53042,ST XAVIER,1,39,17,1,Bbs10.shp,0.405307
238,Polyline,1806,0,0,0,0,0.4,1806,53043,BRANDENBERG,1,39,17,1,Bbs10.shp,0.399538
239,Polyline,1808,0,0,0,0,0.451,1808,53044,POWDERVILLE,1,39,17,1,Bbs10.shp,0.451145
243,Polyline,1817,0,0,0,0,0.431,1817,53045,ALBION,1,39,17,1,Bbs10.shp,0.430633
244,Polyline,1818,0,0,0,0,0.49,1818,53907,PRYOR MTN.,1,64,10,1,Bbs10.shp,0.490124
234,Polyline,1799,0,0,0,0,0.435,1799,53908,BULL MTN.,1,39,17,1,Bbs10.shp,0.434609
285,Polyline,1862,0,0,0,0,0.402,1862,54001,JULIAN,1,32,22,1,Bbs10.shp,0.402271
289,Polyline,1866,0,0,0,0,0.372,1866,54002,JOHNSON,1,32,22,1,Bbs10.shp,0.372089
291,Polyline,1868,0,0,0,0,0.507,1868,54003,LIBERTY,1,32,19,1,Bbs10.shp,0.507022
287,Polyline,1864,0,0,0,0,0.369,1864,54004,BELVIDERE,1,34,19,1,Bbs10.shp,0.369062
276,Polyline,1853,0,0,0,0,0.02,1853,54005,SEWARD,1,34,19,1,Bbs10.shp,0.019869
277,Polyline,1854,0,0,0,0,0.015,1854,54005,SEWARD,1,34,19,1,Bbs10.shp,0.014906
278,Polyline,1855,0,0,0,0,0.035,1855,54005,SEWARD,1,34,19,1,Bbs10.shp,0.034713
279,Polyline,1856,0,0,0,0,0.106,1856,54005,SEWARD,1,34,19,1,Bbs10.shp,0.106174
280,Polyline,1857,0,0,0,0,0.261,1857,54005,SEWARD,1,34,19,1,Bbs10.shp,0.260871
284,Polyline,1861,0,0,0,0,0.467,1861,54006,KENESAW,1,34,19,1,Bbs10.shp,0.467411
282,Polyline,1859,0,0,0,0,0.398,1859,54007,KEARNEY,1,34,19,1,Bbs10.shp,0.398317
283,Polyline,1860,0,0,0,0,0.385,1860,54008,SUMNER,1,34,19,1,Bbs10.shp,0.385024
286,Polyline,1863,0,0,0,0,0.376,1863,54009,HOLBROOK,1,34,19,1,Bbs10.shp,0.375907
288,Polyline,1865,0,0,0,0,0.37,1865,54010,BARTLEY,1,34,19,1,Bbs10.shp,0.370164
292,Polyline,1869,0,0,0,0,0.374,1869,54011,STRATTON,1,34,19,0,Bbs10.shp,0.373566
273,Polyline,1850,0,0,0,0,0.428,1850,54012,GRETNA,1,32,22,1,Bbs10.shp,0.427963
269,Polyline,1846,0,0,0,0,0.393,1846,54013,IRVINGTON,1,32,22,1,Bbs10.shp,0.392896
274,Polyline,1851,0,0,0,0,0.467,1851,54014,SURPRISE,1,34,19,1,Bbs10.shp,0.467191
267,Polyline,1844,0,0,0,0,0.439,1844,54015,RICHLAND,1,32,22,1,Bbs10.shp,0.439487
710,Polyline,4165,0,0,0,0,0.518,4165,54016,BARTLETT,0,36,19,9,Bbs10.shp,0.517938
263,Polyline,1840,0,0,0,0,0.392,1840,54017,PETERSBURG,1,34,19,1,Bbs10.shp,0.392497
261,Polyline,1838,0,0,0,0,0.455,1838,54018,ALMERIA,1,34,19,1,Bbs10.shp,0.454506
709,Polyline,4164,0,0,0,0,0.407,4164,54019,OCONTO,0,34,19,9,Bbs10.shp,0.406833
271,Polyline,1848,0,0,0,0,0.45,1848,54020,PAXTON,1,36,18,0,Bbs10.shp,0.4496
268,Polyline,1845,0,0,0,0,0.391,1845,54021,DALTON,1,36,18,0,Bbs10.shp,0.391144
255,Polyline,1832,0,0,0,0,0.471,1832,54022,THURSTON,1,32,22,1,Bbs10.shp,0.471007
251,Polyline,1828,0,0,0,0,0.375,1828,54023,SPARTA,1,32,11,1,Bbs10.shp,0.375249
259,Polyline,1836,0,0,0,0,0.414,1836,54024,WINSIDE,1,32,11,1,Bbs10.shp,0.414234
245,Polyline,1822,0,0,0,0,0.441,1822,54025,EAGLE CREEK,1,34,11,1,Bbs10.shp,0.441342
246,Polyline,1823,0,0,0,0,0.481,1823,54026,MIDWAY,1,34,11,1,Bbs10.shp,0.480841
257,Polyline,1834,0,0,0,0,0.39,1834,54027,SWAN LAKE,1,36,19,1,Bbs10.shp,0.390351
248,Polyline,1825,0,0,0,0,0.441,1825,54028,JOHNSTOWN,1,36,19,1,Bbs10.shp,0.440857
252,Polyline,1829,0,0,0,0,0.352,1829,54029,PIESTER LAKE,1,36,19,1,Bbs10.shp,0.351786
253,Polyline,1830,0,0,0,0,0.384,1830,54030,AGATE,1,36,18,1,Bbs10.shp,0.383681
249,Polyline,1826,0,0,0,0,0.428,1826,54031,KENNEDY,1,36,19,1,Bbs10.shp,0.427574
270,Polyline,1847,0,0,0,0,0.427,1847,54032,TABLE,1,34,19,0,Bbs10.shp,0.426757
275,Polyline,1852,0,0,0,0,0.405,1852,54033,KIMBALL,1,36,18,1,Bbs10.shp,0.405132
250,Polyline,1827,0,0,0,0,0.36,1827,54034,GORDON,1,36,19,1,Bbs10.shp,0.359994
281,Polyline,1858,0,0,0,0,0.41,1858,54035,BRADY,1,34,19,1,Bbs10.shp,0.409712
290,Polyline,1867,0,0,0,0,0.417,1867,54036,BENKELMAN,1,36,18,1,Bbs10.shp,0.417046
265,Polyline,1842,0,0,0,0,0.389,1842,54037,RINGGOLD,1,36,19,1,Bbs10.shp,0.389315
266,Polyline,1843,0,0,0,0,0.429,1843,54038,ARTHUR,1,36,19,1,Bbs10.shp,0.429106
264,Polyline,1841,0,0,0,0,0.403,1841,54039,CRESCENT LK,1,36,19,1,Bbs10.shp,0.403264
262,Polyline,1839,0,0,0,0,0.396,1839,54040,MURRAY LAKE,1,36,18,1,Bbs10.shp,0.395586
256,Polyline,1833,0,0,0,0,0.421,1833,54041,BROWNLEE,1,36,19,0,Bbs10.shp,0.421252
258,Polyline,1835,0,0,0,0,0.36,1835,54042,MULLEN,1,36,19,1,Bbs10.shp,0.359864
254,Polyline,1831,0,0,0,0,0.401,1831,54043,BEREA,1,36,18,1,Bbs10.shp,0.401288
247,Polyline,1824,0,0,0,0,0.461,1824,54044,CRAWFORD,1,39,18,1,Bbs10.shp,0.461183
260,Polyline,1837,0,0,0,0,0.467,1837,54116,WHEELER CO,1,36,19,1,Bbs10.shp,0.46737
272,Polyline,1849,0,0,0,0,0.383,1849,54119,BERWYN,1,34,19,1,Bbs10.shp,0.383407
645,Polyline,3636,0,0,0,0,0.137,3636,54900,OGLALA NAT. GRASS.,1,39,17,1,Bbs10.shp,0.136525
646,Polyline,3637,0,0,0,0,0.076,3637,54900,OGLALA NAT. GRASS.,1,39,17,1,Bbs10.shp,0.075975
647,Polyline,3638,0,0,0,0,0.216,3638,54900,OGLALA NAT. GRASS.,1,39,17,1,Bbs10.shp,0.216156
640,Polyline,3631,0,0,0,0,0.088,3631,54901,PINE RIDGE,1,39,18,1,Bbs10.shp,0.088301
641,Polyline,3632,0,0,0,0,0.056,3632,54901,PINE RIDGE,1,39,18,1,Bbs10.shp,0.05596
642,Polyline,3633,0,0,0,0,0.088,3633,54901,PINE RIDGE,1,39,18,1,Bbs10.shp,0.087846
643,Polyline,3634,0,0,0,0,0.056,3634,54901,PINE RIDGE,1,39,18,1,Bbs10.shp,0.056246
644,Polyline,3635,0,0,0,0,0.122,3635,54901,PINE RIDGE,1,39,18,1,Bbs10.shp,0.121492
297,Polyline,1975,0,0,0,0,0.374,1975,60005,FARLEY,1,87,18,1,Bbs10.shp,0.373711
295,Polyline,1973,0,0,0,0,0.394,1973,60006,GRENVILLE,1,55,18,1,Bbs10.shp,0.394405
303,Polyline,1991,0,0,0,0,0.382,1991,60010,PECOS,1,84,16,1,Bbs10.shp,0.382047
706,Polyline,4140,0,0,0,0,0.133,4140,60012,TUCUMCARI,0,55,18,9,Bbs10.shp,0.13338
707,Polyline,4141,0,0,0,0,0.055,4141,60012,TUCUMCARI,0,55,18,9,Bbs10.shp,0.055284
708,Polyline,4142,0,0,0,0,0.144,4142,60012,TUCUMCARI,0,55,18,9,Bbs10.shp,0.143713
308,Polyline,2005,0,0,0,0,0.42,2005,60016,CLAUNCH,1,84,16,1,Bbs10.shp,0.419751
307,Polyline,2004,0,0,0,0,0.368,2004,60017,COOLEY LAKE,1,55,18,1,Bbs10.shp,0.367743
309,Polyline,2006,0,0,0,0,0.383,2006,60018,FLOYD,1,55,18,1,Bbs10.shp,0.382547
314,Polyline,2020,0,0,0,0,0.408,2020,60023,ROSWELL,1,56,35,1,Bbs10.shp,0.407829
313,Polyline,2018,0,0,0,0,0.412,2018,60024,CAPROCK,1,55,18,1,Bbs10.shp,0.411988
705,Polyline,4136,0,0,0,0,0.415,4136,60030,MALJAMAR,0,55,18,9,Bbs10.shp,0.415145
296,Polyline,1974,0,0,0,0,0.366,1974,60055,RATON,0,87,18,9,Bbs10.shp,0.365823
298,Polyline,1982,0,0,0,0,0.475,1982,60056,SEDAN,1,55,18,1,Bbs10.shp,0.475079
302,Polyline,1990,0,0,0,0,0.41,1990,60061,VARIADERO,1,87,18,1,Bbs10.shp,0.410272
299,Polyline,1983,0,0,0,0,0.536,1983,60062,ROSEBUD,1,55,18,1,Bbs10.shp,0.536329
306,Polyline,2002,0,0,0,0,0.411,2002,60065,MOUNTAINAIR,1,87,16,1,Bbs10.shp,0.41097
704,Polyline,4134,0,0,0,0,0.476,4134,60066,CORONA EAST,0,87,16,9,Bbs10.shp,0.475493
304,Polyline,1995,0,0,0,0,0.543,1995,60067,PASTURA,1,87,16,1,Bbs10.shp,0.543486
305,Polyline,1998,0,0,0,0,0.431,1998,60068,CLOVIS,1,55,18,0,Bbs10.shp,0.430655
312,Polyline,2013,0,0,0,0,0.439,2013,60072,CAPITAN MTN.,1,87,35,1,Bbs10.shp,0.439423
311,Polyline,2009,0,0,0,0,0.424,2009,60074,PEP,1,55,18,1,Bbs10.shp,0.424462
315,Polyline,2023,0,0,0,0,0.407,2023,60080,HOBBS,1,55,18,1,Bbs10.shp,0.407118
300,Polyline,1986,0,0,0,0,0.416,1986,60111,SABINOSO,1,87,18,1,Bbs10.shp,0.416097
301,Polyline,1988,0,0,0,0,0.401,1988,60112,LOGAN,1,55,18,1,Bbs10.shp,0.401023
316,Polyline,2029,0,0,0,0,0.388,2029,60130,SAN SIMON,1,56,18,1,Bbs10.shp,0.387686
294,Polyline,1972,0,0,0,0,0.414,1972,60155,MAXWELL,1,87,18,1,Bbs10.shp,0.414195
310,Polyline,2007,0,0,0,0,0.404,2007,60166,GALLO ARROYO,1,87,16,0,Bbs10.shp,0.404046
293,Polyline,1969,0,0,0,0,0.418,1969,60900,CAPULIN,1,87,16,0,Bbs10.shp,0.418257
317,Polyline,2135,0,0,0,0,0.503,2135,64001,FORMAN,1,37,11,1,Bbs10.shp,0.50283
318,Polyline,2136,0,0,0,0,0.405,2136,64002,WALCOTT,1,40,11,1,Bbs10.shp,0.405053
702,Polyline,4119,0,0,0,0,0.144,4119,64003,SYDNEY,0,37,11,9,Bbs10.shp,0.143874
703,Polyline,4120,0,0,0,0,0.362,4120,64003,SYDNEY,0,37,11,9,Bbs10.shp,0.362177
319,Polyline,2137,0,0,0,0,0.373,2137,64004,EDGELEY,1,37,11,1,Bbs10.shp,0.373236
320,Polyline,2138,0,0,0,0,0.486,2138,64005,LAKE GEORGE,1,38,11,1,Bbs10.shp,0.486268
321,Polyline,2139,0,0,0,0,0.484,2139,64006,DANZIG,1,38,11,1,Bbs10.shp,0.483551
322,Polyline,2140,0,0,0,0,0.496,2140,64007,KEMPTON,1,40,11,1,Bbs10.shp,0.495731
323,Polyline,2141,0,0,0,0,0.518,2141,64008,EMERADO,1,40,11,1,Bbs10.shp,0.517759
324,Polyline,2142,0,0,0,0,0.479,2142,64009,COOPERSTOWN,1,37,11,1,Bbs10.shp,0.478567
325,Polyline,2143,0,0,0,0,0.43,2143,64010,WIMBLEDON,1,37,11,1,Bbs10.shp,0.430427
326,Polyline,2144,0,0,0,0,0.464,2144,64011,HORSEHEAD LK,1,38,11,1,Bbs10.shp,0.463684
327,Polyline,2145,0,0,0,0,0.391,2145,64012,BUCHANAN,1,37,11,1,Bbs10.shp,0.390833
328,Polyline,2146,0,0,0,0,0.438,2146,64013,BOWESMONT,1,40,11,1,Bbs10.shp,0.437615
329,Polyline,2147,0,0,0,0,0.387,2147,64014,NASH,1,40,11,1,Bbs10.shp,0.386574
330,Polyline,2148,0,0,0,0,0.485,2148,64015,LAKOTA,1,37,11,1,Bbs10.shp,0.484626
331,Polyline,2149,0,0,0,0,0.4,2149,64016,WEBSTER,1,37,11,1,Bbs10.shp,0.400426
332,Polyline,2150,0,0,0,0,0.452,2150,64017,ROLLA,1,37,11,1,Bbs10.shp,0.452042
333,Polyline,2151,0,0,0,0,0.396,2151,64018,NILES,1,37,11,1,Bbs10.shp,0.396009
334,Polyline,2152,0,0,0,0,0.505,2152,64019,REGAN,1,38,11,1,Bbs10.shp,0.505378
335,Polyline,2153,0,0,0,0,0.42,2153,64020,FT YATES,1,39,17,1,Bbs10.shp,0.420224
336,Polyline,2154,0,0,0,0,0.507,2154,64021,DICKINSON,1,39,17,1,Bbs10.shp,0.506803
337,Polyline,2155,0,0,0,0,0.374,2155,64022,DUNN CENTER,1,39,17,1,Bbs10.shp,0.373891
338,Polyline,2156,0,0,0,0,0.449,2156,64023,CARPIO,1,37,11,1,Bbs10.shp,0.449066
339,Polyline,2157,0,0,0,0,0.363,2157,64024,LORAINE,1,37,11,1,Bbs10.shp,0.362567
340,Polyline,2158,0,0,0,0,0.401,2158,64025,TOBACCO,1,39,17,1,Bbs10.shp,0.401364
341,Polyline,2159,0,0,0,0,0.433,2159,64026,STANLEY,1,38,11,1,Bbs10.shp,0.433309
342,Polyline,2160,0,0,0,0,0.398,2160,64027,ABERCROMBIE,1,40,11,1,Bbs10.shp,0.397888
343,Polyline,2161,0,0,0,0,0.458,2161,64028,DENBIGH,1,37,11,1,Bbs10.shp,0.458033
700,Polyline,4117,0,0,0,0,0.382,4117,64029,LARK,0,39,17,9,Bbs10.shp,0.382277
701,Polyline,4118,0,0,0,0,0.115,4118,64029,LARK,0,39,17,9,Bbs10.shp,0.114747
344,Polyline,2162,0,0,0,0,0.473,2162,64030,BOWMAN,1,39,17,1,Bbs10.shp,0.472566
345,Polyline,2163,0,0,0,0,0.393,2163,64031,ZAP,1,39,17,1,Bbs10.shp,0.392937
346,Polyline,2164,0,0,0,0,0.457,2164,64032,GORHAM,1,39,17,1,Bbs10.shp,0.456993
347,Polyline,2165,0,0,0,0,0.466,2165,64033,ROOSEVELT PK,1,39,17,1,Bbs10.shp,0.46556
348,Polyline,2166,0,0,0,0,0.456,2166,64034,CEDAR CREEK,1,39,17,1,Bbs10.shp,0.456116
349,Polyline,2167,0,0,0,0,0.438,2167,64035,GOLVA,1,39,17,1,Bbs10.shp,0.438025
350,Polyline,2168,0,0,0,0,0.363,2168,64036,BENTLEY,1,39,17,1,Bbs10.shp,0.363027
351,Polyline,2169,0,0,0,0,0.43,2169,64037,GLEN ULLIN,1,39,17,1,Bbs10.shp,0.429657
352,Polyline,2170,0,0,0,0,0.493,2170,64038,WILD ROSE,1,38,11,1,Bbs10.shp,0.492527
353,Polyline,2171,0,0,0,0,0.391,2171,64039,POWERS LAKE,1,38,11,1,Bbs10.shp,0.390755
354,Polyline,2172,0,0,0,0,0.36,2172,64040,PARSHALL,1,38,11,1,Bbs10.shp,0.359725
355,Polyline,2173,0,0,0,0,0.415,2173,64041,DOUGLAS CRK,1,38,11,1,Bbs10.shp,0.415211
356,Polyline,2174,0,0,0,0,0.464,2174,64042,SHEYENNE LK,1,37,11,1,Bbs10.shp,0.464337
357,Polyline,2175,0,0,0,0,0.441,2175,64043,BRADDOCK,1,39,11,1,Bbs10.shp,0.441319
358,Polyline,2176,0,0,0,0,0.464,2176,64044,TURTLE MTNS,1,30,11,1,Bbs10.shp,0.463909
359,Polyline,2177,0,0,0,0,0.498,2177,64103,MONTPELIER,1,37,11,0,Bbs10.shp,0.49757
360,Polyline,2178,0,0,0,0,0.475,2178,64129,CARSON,1,39,17,1,Bbs10.shp,0.474609
405,Polyline,2302,0,0,0,0,0.462,2302,67005,MILL CREEK,1,33,21,1,Bbs10.shp,0.462326
699,Polyline,4093,0,0,0,0,0.385,4093,67006,LOCO,0,35,21,9,Bbs10.shp,0.38451
412,Polyline,2313,0,0,0,0,0.419,2313,67007,ARDMORE,1,33,21,1,Bbs10.shp,0.419206
407,Polyline,2306,0,0,0,0,0.429,2306,67008,RANDLETT,1,35,19,1,Bbs10.shp,0.428924
409,Polyline,2309,0,0,0,0,0.256,2309,67009,COOKIETOWN,1,35,19,1,Bbs10.shp,0.25591
410,Polyline,2310,0,0,0,0,0.007,2310,67009,COOKIETOWN,1,35,19,1,Bbs10.shp,0.007423
411,Polyline,2311,0,0,0,0,0.139,2311,67009,COOKIETOWN,1,35,19,1,Bbs10.shp,0.138549
397,Polyline,2290,0,0,0,0,0.423,2290,67010,REED,1,54,19,1,Bbs10.shp,0.423062
395,Polyline,2287,0,0,0,0,0.417,2287,67014,HOLDENVILLE,1,33,21,1,Bbs10.shp,0.416935
385,Polyline,2275,0,0,0,0,0.39,2275,67015,BEGGS,1,33,21,1,Bbs10.shp,0.389551
387,Polyline,2277,0,0,0,0,0.428,2277,67016,CHOCTAW,1,33,21,1,Bbs10.shp,0.42808
394,Polyline,2285,0,0,0,0,0.43,2285,67017,NOBLE,1,33,21,1,Bbs10.shp,0.429575
396,Polyline,2289,0,0,0,0,0.422,2289,67018,VERDEN,1,35,19,1,Bbs10.shp,0.422124
383,Polyline,2272,0,0,0,0,0.408,2272,67019,EAGLE CITY,1,35,19,1,Bbs10.shp,0.407663
389,Polyline,2279,0,0,0,0,0.411,2279,67020,GRIMES,1,54,19,1,Bbs10.shp,0.411446
393,Polyline,2283,0,0,0,0,0.393,2283,67021,ERICK,1,54,19,1,Bbs10.shp,0.393469
361,Polyline,2249,0,0,0,0,0.413,2249,67022,PEORIA,1,33,22,1,Bbs10.shp,0.413227
368,Polyline,2256,0,0,0,0,0.396,2256,67023,WELCH,1,33,22,1,Bbs10.shp,0.396217
377,Polyline,2265,0,0,0,0,0.381,2265,67024,COLLINSVILLE,1,33,22,1,Bbs10.shp,0.380713
698,Polyline,4092,0,0,0,0,0.392,4092,67025,BARNSDALL,0,33,21,9,Bbs10.shp,0.391567
374,Polyline,2262,0,0,0,0,0.384,2262,67026,BARTLESVILLE,1,33,21,1,Bbs10.shp,0.383623
381,Polyline,2269,0,0,0,0,0.436,2269,67027,DOUGLAS,1,35,19,1,Bbs10.shp,0.436463
362,Polyline,2250,0,0,0,0,0.418,2250,67028,WAKITA,1,35,19,1,Bbs10.shp,0.418104
697,Polyline,4091,0,0,0,0,0.374,4091,67029,CHESTER,0,35,19,9,Bbs10.shp,0.373536
370,Polyline,2258,0,0,0,0,0.387,2258,67030,TEGARDEN,1,34,19,1,Bbs10.shp,0.387099
363,Polyline,2251,0,0,0,0,0.401,2251,67031,LOOKOUT,1,34,19,1,Bbs10.shp,0.400687
369,Polyline,2257,0,0,0,0,0.413,2257,67032,ROSSTON,1,34,19,1,Bbs10.shp,0.413478
376,Polyline,2264,0,0,0,0,0.4,2264,67033,HARDESTY,1,34,18,1,Bbs10.shp,0.399509
372,Polyline,2260,0,0,0,0,0.37,2260,67034,FELT,1,55,18,1,Bbs10.shp,0.369833
367,Polyline,2255,0,0,0,0,0.376,2255,67035,BEAVER,1,34,19,1,Bbs10.shp,0.376091
408,Polyline,2308,0,0,0,0,0.415,2308,67053,MATOY,1,33,25,0,Bbs10.shp,0.415365
404,Polyline,2301,0,0,0,0,0.411,2301,67054,TATUMS,1,33,21,1,Bbs10.shp,0.411147
398,Polyline,2291,0,0,0,0,0.437,2291,67055,COOPERTON,1,54,19,1,Bbs10.shp,0.436704
399,Polyline,2293,0,0,0,0,0.384,2293,67056,HOLLIS,1,54,19,1,Bbs10.shp,0.384161
388,Polyline,2278,0,0,0,0,0.409,2278,67058,WAINWRIGHT,1,33,22,1,Bbs10.shp,0.409336
386,Polyline,2276,0,0,0,0,0.406,2276,67059,HEYBURN,1,33,21,1,Bbs10.shp,0.405755
384,Polyline,2274,0,0,0,0,0.386,2274,67060,CASHION,1,35,19,1,Bbs10.shp,0.386375
391,Polyline,2281,0,0,0,0,0.441,2281,67061,SICKLES,1,54,19,1,Bbs10.shp,0.440902
392,Polyline,2282,0,0,0,0,0.401,2282,67062,ARAPAHO,1,54,19,1,Bbs10.shp,0.400712
379,Polyline,2267,0,0,0,0,0.398,2267,67064,KEETONVILLE,1,33,22,1,Bbs10.shp,0.397972
366,Polyline,2254,0,0,0,0,0.442,2254,67065,FORAKER,1,33,22,1,Bbs10.shp,0.442208
373,Polyline,2261,0,0,0,0,0.37,2261,67066,HUNTER,1,35,19,1,Bbs10.shp,0.369589
371,Polyline,2259,0,0,0,0,0.383,2259,67067,JET,1,35,19,1,Bbs10.shp,0.383395
380,Polyline,2268,0,0,0,0,0.378,2268,67068,WOODWARD,1,34,19,1,Bbs10.shp,0.377628
375,Polyline,2263,0,0,0,0,0.372,2263,67069,CLEAR LAKE,1,34,18,1,Bbs10.shp,0.372329
365,Polyline,2253,0,0,0,0,0.42,2253,67070,HOOKER,1,55,18,1,Bbs10.shp,0.420008
364,Polyline,2252,0,0,0,0,0.435,2252,67071,KEYES,1,55,18,1,Bbs10.shp,0.434825
406,Polyline,2303,0,0,0,0,0.388,2303,67106,DUNCAN,1,35,21,1,Bbs10.shp,0.387613
378,Polyline,2266,0,0,0,0,0.425,2266,67125,SKIATOOK,1,33,21,1,Bbs10.shp,0.424897
382,Polyline,2270,0,0,0,0,0.386,2270,67129,PHROSO,1,35,19,1,Bbs10.shp,0.38596
390,Polyline,2280,0,0,0,0,0.425,2280,67161,COLONY,0,54,19,9,Bbs10.shp,0.42477
400,Polyline,2294,0,0,0,0,0.394,2294,67901,WICHITA MTNS,1,54,19,0,Bbs10.shp,0.394457
403,Polyline,2298,0,0,0,0,0.364,2298,67902,ELGIN,1,35,19,0,Bbs10.shp,0.363787
401,Polyline,2296,0,0,0,0,0.389,2296,67903,FT SILL WEST,1,54,19,0,Bbs10.shp,0.38881
402,Polyline,2297,0,0,0,0,0.382,2297,67904,FT SILL EAST,1,35,19,0,Bbs10.shp,0.382371
450,Polyline,2671,0,0,0,0,0.388,2671,81001,LENNOX,1,37,11,1,Bbs10.shp,0.388326
452,Polyline,2673,0,0,0,0,0.485,2673,81002,TRIPP,1,37,11,1,Bbs10.shp,0.484897
442,Polyline,2653,0,0,0,0,0.479,2653,81003,HOWARD,1,37,11,1,Bbs10.shp,0.479461
449,Polyline,2668,0,0,0,0,0.373,2668,81004,WHITE LAKE,1,37,11,1,Bbs10.shp,0.372564
455,Polyline,2676,0,0,0,0,0.434,2676,81005,GEDDES,1,37,11,1,Bbs10.shp,0.434018
443,Polyline,2654,0,0,0,0,0.441,2654,81006,CHAMBERLAIN,1,38,17,0,Bbs10.shp,0.441452
459,Polyline,2680,0,0,0,0,0.368,2680,81007,WINNER,1,39,17,0,Bbs10.shp,0.367748
456,Polyline,2677,0,0,0,0,0.458,2677,81008,ROSEBUD,1,36,17,0,Bbs10.shp,0.458136
451,Polyline,2672,0,0,0,0,0.394,2672,81009,ROCKYFORD,1,39,17,0,Bbs10.shp,0.394297
440,Polyline,2650,0,0,0,0,0.428,2650,81010,VOLGA,1,37,11,1,Bbs10.shp,0.427958
428,Polyline,2634,0,0,0,0,0.475,2634,81011,RAYMOND,1,37,11,0,Bbs10.shp,0.475067
439,Polyline,2649,0,0,0,0,0.474,2649,81012,ROSWELL,1,37,11,1,Bbs10.shp,0.474485
434,Polyline,2641,0,0,0,0,0.366,2641,81013,BROADLAND,1,37,11,1,Bbs10.shp,0.36594
437,Polyline,2647,0,0,0,0,0.456,2647,81014,LANE,0,37,11,9,Bbs10.shp,0.455678
436,Polyline,2645,0,0,0,0,0.376,2645,81015,CROW CREEK,1,38,11,0,Bbs10.shp,0.375751
441,Polyline,2651,0,0,0,0,0.435,2651,81016,FT THOMPSON,1,39,17,1,Bbs10.shp,0.434505
419,Polyline,2625,0,0,0,0,0.449,2625,81017,WILMOT,1,37,11,0,Bbs10.shp,0.448705
415,Polyline,2621,0,0,0,0,0.444,2621,81018,VEBLEN,1,37,11,1,Bbs10.shp,0.443798
420,Polyline,2626,0,0,0,0,0.391,2626,81019,BRITTON,1,37,11,1,Bbs10.shp,0.390886
413,Polyline,2619,0,0,0,0,0.508,2619,81020,FORBES,1,37,11,0,Bbs10.shp,0.507715
696,Polyline,4047,0,0,0,0,0.453,4047,81021,CONDE,0,37,11,9,Bbs10.shp,0.452599
425,Polyline,2631,0,0,0,0,0.509,2631,81022,GETTYSBURG,1,38,11,1,Bbs10.shp,0.509419
416,Polyline,2622,0,0,0,0,0.431,2622,81023,LONG LAKE,1,38,11,1,Bbs10.shp,0.430506
424,Polyline,2630,0,0,0,0,0.492,2630,81024,LAPLANT,1,39,17,1,Bbs10.shp,0.492067
422,Polyline,2628,0,0,0,0,0.516,2628,81025,PROMISE,1,39,17,1,Bbs10.shp,0.516353
438,Polyline,2648,0,0,0,0,0.447,2648,81026,OWANKA,1,39,17,1,Bbs10.shp,0.446818
433,Polyline,2639,0,0,0,0,0.45,2639,81028,VOLUNTEER,1,39,17,1,Bbs10.shp,0.449587
435,Polyline,2642,0,0,0,0,0.495,2642,81030,OTTUMWA,1,39,17,1,Bbs10.shp,0.494935
421,Polyline,2627,0,0,0,0,0.385,2627,81031,HARDING,1,39,17,1,Bbs10.shp,0.38503
445,Polyline,2662,0,0,0,0,0.384,2662,81032,CEDAR PASS,1,39,17,1,Bbs10.shp,0.383736
431,Polyline,2637,0,0,0,0,0.439,2637,81033,FORT PIERRE,1,39,17,1,Bbs10.shp,0.439428
429,Polyline,2635,0,0,0,0,0.38,2635,81034,GORMAN,1,38,11,1,Bbs10.shp,0.380033
423,Polyline,2629,0,0,0,0,0.452,2629,81035,MAURINE,1,39,17,1,Bbs10.shp,0.451998
417,Polyline,2623,0,0,0,0,0.524,2623,81036,REVA,1,39,17,1,Bbs10.shp,0.523999
414,Polyline,2620,0,0,0,0,0.454,2620,81037,LODGEPOLE,1,39,17,1,Bbs10.shp,0.454492
427,Polyline,2633,0,0,0,0,0.435,2633,81038,EAGLE BUTTE,1,39,17,1,Bbs10.shp,0.434995
418,Polyline,2624,0,0,0,0,0.425,2624,81039,ISABEL,1,39,17,1,Bbs10.shp,0.424683
430,Polyline,2636,0,0,0,0,0.435,2636,81040,MARCUS,1,39,17,1,Bbs10.shp,0.435441
432,Polyline,2638,0,0,0,0,0.379,2638,81041,HAYES,1,39,17,1,Bbs10.shp,0.379131
462,Polyline,2683,0,0,0,0,0.441,2683,81042,ARDMORE,1,39,17,0,Bbs10.shp,0.440946
446,Polyline,2663,0,0,0,0,0.422,2663,81043,BADLANDS,1,39,17,1,Bbs10.shp,0.422145
463,Polyline,2684,0,0,0,0,0.422,2684,81044,LACREEK,1,36,17,1,Bbs10.shp,0.422062
448,Polyline,2667,0,0,0,0,0.46,2667,81045,WHITE RIVER,1,39,17,0,Bbs10.shp,0.459534
727,Polyline,4382,0,0,0,0,0.504,4382,81114,LANE II,1,37,11,0,Bbs10.shp,0.50439
426,Polyline,2632,0,0,0,0,0.453,2632,81121,TURTON,1,37,11,0,Bbs10.shp,0.452811
453,Polyline,2674,0,0,0,0,0.486,2674,81900,PIONEER,1,39,17,1,Bbs10.shp,0.486442
454,Polyline,2675,0,0,0,0,0.424,2675,81901,COTTONWOOD,1,39,17,1,Bbs10.shp,0.424377
457,Polyline,2678,0,0,0,0,0.007,2678,81907,S. PIONEER,1,39,17,1,Bbs10.shp,0.006922
458,Polyline,2679,0,0,0,0,0.21,2679,81907,S. PIONEER,1,39,17,1,Bbs10.shp,0.209688
460,Polyline,2681,0,0,0,0,0.325,2681,81907,S. PIONEER,1,39,17,1,Bbs10.shp,0.325014
461,Polyline,2682,0,0,0,0,0.453,2682,81908,INDIAN,1,39,17,1,Bbs10.shp,0.452665
444,Polyline,2660,0,0,0,0,0.593,2660,81909,RAILROAD BUT,1,39,17,1,Bbs10.shp,0.592713
447,Polyline,2665,0,0,0,0,0.552,2665,81910,FRENCH CREEK,1,39,17,1,Bbs10.shp,0.551657
602,Polyline,2946,0,0,0,0,0.408,2946,83001,LAG ATASCOSA,1,7,36,1,Bbs10.shp,0.408312
597,Polyline,2941,0,0,0,0,0.421,2941,83002,RACHAL,1,7,36,1,Bbs10.shp,0.421212
598,Polyline,2942,0,0,0,0,0.391,2942,83003,AGUA NUEVA,1,7,36,1,Bbs10.shp,0.391463
695,Polyline,4045,0,0,0,0,0.399,4045,83004,ZAPATA,0,7,36,9,Bbs10.shp,0.398597
589,Polyline,2933,0,0,0,0,0.398,2933,83005,KINGSVILLE,1,7,37,1,Bbs10.shp,0.39757
588,Polyline,2932,0,0,0,0,0.391,2932,83006,PETRONILA,1,6,37,1,Bbs10.shp,0.390906
594,Polyline,2938,0,0,0,0,0.358,2938,83007,RANDADO,1,7,36,1,Bbs10.shp,0.358244
591,Polyline,2935,0,0,0,0,0.035,2935,83008,MIRANDO CITY,1,7,36,1,Bbs10.shp,0.034947
592,Polyline,2936,0,0,0,0,0.346,2936,83008,MIRANDO CITY,1,7,36,1,Bbs10.shp,0.346354
586,Polyline,2930,0,0,0,0,0.386,2930,83009,ENCINAL,1,7,36,1,Bbs10.shp,0.386025
694,Polyline,4044,0,0,0,0,0.382,4044,83010,SAN YGNACIO,0,7,36,9,Bbs10.shp,0.382483
574,Polyline,2916,0,0,0,0,0.387,2916,83011,HINKLES FER,1,6,37,1,Bbs10.shp,0.386862
692,Polyline,4042,0,0,0,0,0.038,4042,83012,VANDERBILT,0,6,37,9,Bbs10.shp,0.037608
693,Polyline,4043,0,0,0,0,0.313,4043,83012,VANDERBILT,0,6,37,9,Bbs10.shp,0.312652
579,Polyline,2922,0,0,0,0,0.389,2922,83013,INDIANOLA,1,6,37,1,Bbs10.shp,0.389198
582,Polyline,2926,0,0,0,0,0.389,2926,83016,GEORGE WEST,1,7,36,1,Bbs10.shp,0.389004
577,Polyline,2920,0,0,0,0,0.446,2920,83017,CAMPBELLTON,1,7,21,1,Bbs10.shp,0.445672
584,Polyline,2928,0,0,0,0,0.406,2928,83018,CATARINA,1,7,36,1,Bbs10.shp,0.40604
573,Polyline,2914,0,0,0,0,0.421,2914,83019,LA PRYOR,1,7,36,1,Bbs10.shp,0.420809
561,Polyline,2892,0,0,0,0,0.388,2892,83020,WINNIE,1,6,37,1,Bbs10.shp,0.388308
559,Polyline,2889,0,0,0,0,0.366,2889,83021,STOWELL,1,6,37,1,Bbs10.shp,0.365696
570,Polyline,2911,0,0,0,0,0.386,2911,83022,DANBURY,1,6,37,1,Bbs10.shp,0.386291
557,Polyline,2886,0,0,0,0,0.367,2886,83023,KATY,1,6,37,1,Bbs10.shp,0.366835
572,Polyline,2913,0,0,0,0,0.371,2913,83024,ARENOSA CRK,1,6,21,1,Bbs10.shp,0.371428
565,Polyline,2899,0,0,0,0,0.38,2899,83025,ROCK ISLAND,1,6,37,1,Bbs10.shp,0.380099
563,Polyline,2896,0,0,0,0,0.367,2896,83026,MULDOON,1,8,21,1,Bbs10.shp,0.366838
556,Polyline,2884,0,0,0,0,0.361,2884,83027,LOCKHART,1,8,21,1,Bbs10.shp,0.361071
555,Polyline,2883,0,0,0,0,0.4,2883,83028,BOERNE,1,53,20,1,Bbs10.shp,0.399705
567,Polyline,2905,0,0,0,0,0.361,2905,83029,LONE OAK,1,7,21,1,Bbs10.shp,0.361036
571,Polyline,2912,0,0,0,0,0.382,2912,83030,HONDO,1,7,36,1,Bbs10.shp,0.381953
564,Polyline,2897,0,0,0,0,0.377,2897,83031,UTOPIA,1,53,20,1,Bbs10.shp,0.377003
544,Polyline,2870,0,0,0,0,0.368,2870,83034,NEW WAVERLY,1,4,25,1,Bbs10.shp,0.367684
691,Polyline,4039,0,0,0,0,0.391,4039,83038,GEORGETOWN,0,53,20,9,Bbs10.shp,0.39053
690,Polyline,4038,0,0,0,0,0.367,4038,83039,E GEORGETOWN,0,8,21,9,Bbs10.shp,0.367084
689,Polyline,4037,0,0,0,0,0.444,4037,83040,FITZHUGH,0,53,20,9,Bbs10.shp,0.44355
542,Polyline,2861,0,0,0,0,0.414,2861,83041,VALLEY SPGS,1,53,20,1,Bbs10.shp,0.413939
547,Polyline,2873,0,0,0,0,0.391,2873,83042,HARPER,1,53,20,1,Bbs10.shp,0.390917
540,Polyline,2853,0,0,0,0,0.374,2853,83043,SAN SABA,1,53,20,1,Bbs10.shp,0.374468
531,Polyline,2840,0,0,0,0,0.398,2840,83048,KOSSE,1,8,21,1,Bbs10.shp,0.398369
529,Polyline,2837,0,0,0,0,0.365,2837,83049,THORNTON,1,8,21,1,Bbs10.shp,0.365034
530,Polyline,2838,0,0,0,0,0.443,2838,83050,OSAGE,1,8,21,1,Bbs10.shp,0.442939
536,Polyline,2846,0,0,0,0,0.41,2846,83051,PIDCOKE,1,53,20,1,Bbs10.shp,0.409852
537,Polyline,2847,0,0,0,0,0.404,2847,83052,KEMPNER,1,53,20,1,Bbs10.shp,0.404422
526,Polyline,2834,0,0,0,0,0.446,2834,83053,ADAMSVILLE,1,53,20,1,Bbs10.shp,0.446116
532,Polyline,2841,0,0,0,0,0.39,2841,83054,PEAR VALLEY,1,53,19,1,Bbs10.shp,0.389694
535,Polyline,2845,0,0,0,0,0.386,2845,83055,WINCHELL,1,53,19,1,Bbs10.shp,0.386369
515,Polyline,2804,0,0,0,0,0.421,2804,83060,OLA,1,8,21,1,Bbs10.shp,0.420993
516,Polyline,2805,0,0,0,0,0.418,2805,83061,DALLAS,1,8,21,0,Bbs10.shp,0.418321
518,Polyline,2807,0,0,0,0,0.361,2807,83062,GLEN ROSE,1,33,21,0,Bbs10.shp,0.360615
511,Polyline,2799,0,0,0,0,0.444,2799,83063,WEATHERFORD,1,8,21,1,Bbs10.shp,0.44406
523,Polyline,2816,0,0,0,0,0.39,2816,83064,SELDEN,1,33,21,1,Bbs10.shp,0.389931
507,Polyline,2794,0,0,0,0,0.372,2794,83065,GRAFORD,1,33,21,1,Bbs10.shp,0.372246
519,Polyline,2810,0,0,0,0,0.377,2810,83066,COTTONWOOD,1,33,21,1,Bbs10.shp,0.376947
509,Polyline,2796,0,0,0,0,0.379,2796,83067,ALBANY,1,33,21,1,Bbs10.shp,0.37938
501,Polyline,2788,0,0,0,0,0.29,2788,83070,MILLER GROVE,1,8,21,1,Bbs10.shp,0.290491
502,Polyline,2789,0,0,0,0,0.005,2789,83070,MILLER GROVE,1,8,21,1,Bbs10.shp,0.00527
506,Polyline,2793,0,0,0,0,0.115,2793,83070,MILLER GROVE,1,8,21,1,Bbs10.shp,0.11507
490,Polyline,2774,0,0,0,0,0.386,2774,83072,SADLER,1,8,21,1,Bbs10.shp,0.3856
688,Polyline,4035,0,0,0,0,0.409,4035,83073,WOLFE CITY,0,8,21,9,Bbs10.shp,0.408861
504,Polyline,2791,0,0,0,0,0.424,2791,83074,RHOME,1,8,21,1,Bbs10.shp,0.424452
492,Polyline,2776,0,0,0,0,0.432,2776,83075,GAINESVILLE,1,8,21,1,Bbs10.shp,0.432047
505,Polyline,2792,0,0,0,0,0.386,2792,83076,OLNEY,1,33,21,1,Bbs10.shp,0.386148
491,Polyline,2775,0,0,0,0,0.329,2775,83077,HENRIETTA,1,33,21,1,Bbs10.shp,0.32877
488,Polyline,2772,0,0,0,0,0.393,2772,83078,GRAYBACK,1,54,19,1,Bbs10.shp,0.393452
687,Polyline,4034,0,0,0,0,0.42,4034,83079,WEINERT,0,54,19,9,Bbs10.shp,0.420034
580,Polyline,2923,0,0,0,0,0.373,2923,83080,EL INDIO,1,7,36,1,Bbs10.shp,0.373426
538,Polyline,2850,0,0,0,0,0.373,2850,83085,MERTZON,1,53,19,0,Bbs10.shp,0.372621
533,Polyline,2842,0,0,0,0,0.361,2842,83086,RANKIN,1,56,18,1,Bbs10.shp,0.360974
499,Polyline,2786,0,0,0,0,0.414,2786,83092,POST,1,54,18,1,Bbs10.shp,0.413914
510,Polyline,2798,0,0,0,0,0.36,2798,83093,LAMESA,1,55,18,0,Bbs10.shp,0.359641
495,Polyline,2781,0,0,0,0,0.376,2781,83094,PLAINS,1,55,18,1,Bbs10.shp,0.375722
476,Polyline,2760,0,0,0,0,0.416,2760,83095,CLARENDON,1,54,19,0,Bbs10.shp,0.416245
481,Polyline,2765,0,0,0,0,0.431,2765,83096,CHILDRESS,1,54,19,0,Bbs10.shp,0.431107
480,Polyline,2764,0,0,0,0,0.424,2764,83097,CIRCLE,1,55,18,1,Bbs10.shp,0.42376
600,Polyline,2944,0,0,0,0,0.404,2944,83098,RAYMONDVILLE,1,7,36,1,Bbs10.shp,0.404371
473,Polyline,2757,0,0,0,0,0.376,2757,83100,CHANNING,1,54,18,1,Bbs10.shp,0.375559
475,Polyline,2759,0,0,0,0,0.441,2759,83101,PANTEX,1,55,18,1,Bbs10.shp,0.440827
464,Polyline,2748,0,0,0,0,0.422,2748,83102,TEXLINE,1,55,18,1,Bbs10.shp,0.421519
468,Polyline,2752,0,0,0,0,0.406,2752,83103,WAKA,1,55,18,1,Bbs10.shp,0.405929
467,Polyline,2751,0,0,0,0,0.361,2751,83104,BOOKER,1,34,19,1,Bbs10.shp,0.361341
471,Polyline,2755,0,0,0,0,0.371,2755,83105,MIAMI,1,54,18,1,Bbs10.shp,0.370677
483,Polyline,2767,0,0,0,0,0.423,2767,83106,FLOYDADA,1,55,18,1,Bbs10.shp,0.422893
487,Polyline,2771,0,0,0,0,0.41,2771,83107,HACKBERRY,1,54,19,0,Bbs10.shp,0.40961
520,Polyline,2813,0,0,0,0,0.344,2813,83108,FRANKEL CITY,1,55,18,0,Bbs10.shp,0.344117
508,Polyline,2795,0,0,0,0,0.408,2795,83109,ROTAN,1,54,19,1,Bbs10.shp,0.408182
539,Polyline,2852,0,0,0,0,0.469,2852,83112,OZONA,1,53,35,1,Bbs10.shp,0.468736
541,Polyline,2859,0,0,0,0,0.389,2859,83113,ELDORADO,1,53,19,1,Bbs10.shp,0.388801
562,Polyline,2893,0,0,0,0,0.435,2893,83114,INDIAN MTN,1,53,20,1,Bbs10.shp,0.434633
599,Polyline,2943,0,0,0,0,0.366,2943,83115,EL SAUZ,1,7,36,1,Bbs10.shp,0.365541
543,Polyline,2862,0,0,0,0,0.381,2862,83139,WALBURG,1,8,21,1,Bbs10.shp,0.380969
550,Polyline,2878,0,0,0,0,0.429,2878,83140,DRIPPING SPG,1,53,20,1,Bbs10.shp,0.428854
496,Polyline,2782,0,0,0,0,0.415,2782,83179,HASKELL,1,54,19,0,Bbs10.shp,0.415324
596,Polyline,2940,0,0,0,0,0.42,2940,83204,GUERRA,1,7,36,1,Bbs10.shp,0.419536
545,Polyline,2871,0,0,0,0,0.376,2871,83238,LEANDER,1,53,20,1,Bbs10.shp,0.37593
497,Polyline,2783,0,0,0,0,0.433,2783,83273,BLUE RIDGE,1,8,21,1,Bbs10.shp,0.433139
603,Polyline,2947,0,0,0,0,0.334,2947,83301,PROGRESO,1,7,36,1,Bbs10.shp,0.333877
593,Polyline,2937,0,0,0,0,0.443,2937,83302,LOYOLA BEACH,1,7,37,1,Bbs10.shp,0.442707
590,Polyline,2934,0,0,0,0,0.423,2934,83303,SEJITA,1,7,36,1,Bbs10.shp,0.422712
587,Polyline,2931,0,0,0,0,0.275,2931,83304,LAREDO,1,7,36,0,Bbs10.shp,0.274608
576,Polyline,2919,0,0,0,0,0.399,2919,83305,CHINQUAPIN,1,6,37,1,Bbs10.shp,0.398943
578,Polyline,2921,0,0,0,0,0.41,2921,83306,OYSTER LAKE,1,6,37,1,Bbs10.shp,0.409689
585,Polyline,2929,0,0,0,0,0.394,2929,83307,BAYSIDE,1,6,37,1,Bbs10.shp,0.394175
581,Polyline,2925,0,0,0,0,0.447,2925,83309,MILLETT,1,7,36,1,Bbs10.shp,0.446902
583,Polyline,2927,0,0,0,0,0.414,2927,83310,PEDRO CREEK,1,7,36,1,Bbs10.shp,0.413586
554,Polyline,2882,0,0,0,0,0.414,2882,83311,PORT ACRES,1,6,37,1,Bbs10.shp,0.413965
568,Polyline,2908,0,0,0,0,0.457,2908,83312,MOON LAKE,1,6,37,1,Bbs10.shp,0.456525
560,Polyline,2891,0,0,0,0,0.393,2891,83313,MOUNT ZION,1,6,21,1,Bbs10.shp,0.393401
569,Polyline,2909,0,0,0,0,0.393,2909,83314,YOAKUM,1,8,21,1,Bbs10.shp,0.392645
575,Polyline,2918,0,0,0,0,0.412,2918,83315,BRITE,1,7,36,1,Bbs10.shp,0.411723
558,Polyline,2887,0,0,0,0,0.456,2887,83316,LEAKEY,1,53,20,1,Bbs10.shp,0.456489
566,Polyline,2900,0,0,0,0,0.45,2900,83317,MONTELL,1,53,20,1,Bbs10.shp,0.449876
548,Polyline,2875,0,0,0,0,0.421,2875,83323,BURTON,1,8,21,1,Bbs10.shp,0.420864
552,Polyline,2880,0,0,0,0,0.43,2880,83324,CREEDMORE,1,8,21,1,Bbs10.shp,0.429696
546,Polyline,2872,0,0,0,0,0.389,2872,83325,PRAIRIE MTN.,1,53,20,1,Bbs10.shp,0.388651
551,Polyline,2879,0,0,0,0,0.382,2879,83326,ALLEN CREEK,1,53,20,1,Bbs10.shp,0.381627
553,Polyline,2881,0,0,0,0,0.458,2881,83327,ROCKSPRING,1,53,20,1,Bbs10.shp,0.458085
549,Polyline,2877,0,0,0,0,0.389,2877,83328,DEVILS R CYN,1,56,35,1,Bbs10.shp,0.38926
527,Polyline,2835,0,0,0,0,0.398,2835,83337,BRUCEVILLE,1,8,21,1,Bbs10.shp,0.398036
524,Polyline,2829,0,0,0,0,0.419,2829,83338,DURAN,0,53,21,9,Bbs10.shp,0.418641
525,Polyline,2830,0,0,0,0,0.381,2830,83339,SHIELD,1,33,19,1,Bbs10.shp,0.380929
534,Polyline,2843,0,0,0,0,0.387,2843,83340,WALL,1,54,19,0,Bbs10.shp,0.38683
528,Polyline,2836,0,0,0,0,0.445,2836,83341,STILES,1,55,18,1,Bbs10.shp,0.444741
517,Polyline,2806,0,0,0,0,0.427,2806,83351,CLEBURNE,1,8,21,1,Bbs10.shp,0.427409
512,Polyline,2800,0,0,0,0,0.43,2800,83352,WHIT MTN.,1,33,21,1,Bbs10.shp,0.430431
513,Polyline,2802,0,0,0,0,0.38,2802,83353,HAWLEY,1,54,19,1,Bbs10.shp,0.379731
522,Polyline,2815,0,0,0,0,0.455,2815,83354,SILVER,1,54,19,0,Bbs10.shp,0.455102
514,Polyline,2803,0,0,0,0,0.407,2803,83355,TENMILE,1,55,18,0,Bbs10.shp,0.406681
521,Polyline,2814,0,0,0,0,0.41,2814,83356,MIDLAND,1,55,18,0,Bbs10.shp,0.410378
489,Polyline,2773,0,0,0,0,0.434,2773,83358,GAMBILL REF.,1,8,25,1,Bbs10.shp,0.43427
500,Polyline,2787,0,0,0,0,0.442,2787,83359,GREENVILLE,1,8,21,1,Bbs10.shp,0.442024
498,Polyline,2784,0,0,0,0,0.426,2784,83360,DECATUR,1,33,21,1,Bbs10.shp,0.425916
493,Polyline,2778,0,0,0,0,0.464,2778,83361,MEGARGEL,1,54,21,1,Bbs10.shp,0.464435
485,Polyline,2769,0,0,0,0,0.41,2769,83362,BEAVER CREEK,1,54,19,1,Bbs10.shp,0.410024
494,Polyline,2780,0,0,0,0,0.407,2780,83363,GIRARD,1,54,19,1,Bbs10.shp,0.406717
486,Polyline,2770,0,0,0,0,0.444,2770,83364,DOUGHERTY,1,55,18,1,Bbs10.shp,0.444214
503,Polyline,2790,0,0,0,0,0.403,2790,83365,PLAINS,1,55,18,1,Bbs10.shp,0.402589
484,Polyline,2768,0,0,0,0,0.438,2768,83366,CHARLIE,1,35,19,1,Bbs10.shp,0.438465
479,Polyline,2763,0,0,0,0,0.402,2763,83367,WILLIAMS,1,54,19,1,Bbs10.shp,0.402358
478,Polyline,2762,0,0,0,0,0.435,2762,83368,LAKEVIEW,1,54,19,1,Bbs10.shp,0.435156
482,Polyline,2766,0,0,0,0,0.384,2766,83369,CLAYTONVILLE,1,55,18,1,Bbs10.shp,0.384431
477,Polyline,2761,0,0,0,0,0.405,2761,83370,FRIONA,1,55,18,0,Bbs10.shp,0.405191
474,Polyline,2758,0,0,0,0,0.404,2758,83371,PANHANDLE,1,55,18,1,Bbs10.shp,0.404364
472,Polyline,2756,0,0,0,0,0.437,2756,83372,SKELLYTOWN,1,54,18,1,Bbs10.shp,0.437203
470,Polyline,2754,0,0,0,0,0.389,2754,83373,DALHART,1,55,18,1,Bbs10.shp,0.388607
465,Polyline,2749,0,0,0,0,0.419,2749,83374,TWICHELL,1,55,18,1,Bbs10.shp,0.418968
466,Polyline,2750,0,0,0,0,0.468,2750,83375,GRUVER,1,55,18,1,Bbs10.shp,0.46846
469,Polyline,2753,0,0,0,0,0.429,2753,83376,CACTUS,1,55,18,0,Bbs10.shp,0.428732
595,Polyline,2939,0,0,0,0,0.389,2939,83410,CAVASARA CR.,1,7,36,0,Bbs10.shp,0.388779
639,Polyline,3605,0,0,0,0,0.357,3605,83438,COMANCHE,1,53,21,0,Bbs10.shp,0.35728
601,Polyline,2945,0,0,0,0,0.406,2945,83901,L. ATASCOSA NWR,1,7,37,1,Bbs10.shp,0.406266
604,Polyline,3416,0,0,0,0,0.474,3416,91009,HUDSON,1,17,23,1,Bbs10.shp,0.473934
605,Polyline,3477,0,0,0,0,0.483,3477,91309,RIVER FALLS,1,17,22,1,Bbs10.shp,0.482841
607,Polyline,3496,0,0,0,0,0.501,3496,92005,WYARNO,1,39,17,1,Bbs10.shp,0.501183
686,Polyline,4012,0,0,0,0,0.44,4012,92006,CLARKELEN,0,39,17,9,Bbs10.shp,0.440352
685,Polyline,4011,0,0,0,0,0.511,4011,92012,NATRONA,0,39,17,9,Bbs10.shp,0.510967
625,Polyline,3541,0,0,0,0,0.372,3541,92013,BILL,1,39,17,1,Bbs10.shp,0.372162
684,Polyline,4010,0,0,0,0,0.496,4010,92014,REDBIRD,0,39,17,9,Bbs10.shp,0.496051
631,Polyline,3551,0,0,0,0,0.462,3551,92019,BROOKHURST,1,39,16,1,Bbs10.shp,0.46169
633,Polyline,3569,0,0,0,0,0.449,3569,92021,DWYER,1,39,17,1,Bbs10.shp,0.448939
635,Polyline,3576,0,0,0,0,0.443,3576,92028,YODER,1,36,18,1,Bbs10.shp,0.442823
609,Polyline,3501,0,0,0,0,0.415,3501,92040,DAYTON,1,39,17,1,Bbs10.shp,0.414854
612,Polyline,3512,0,0,0,0,0.446,3512,92043,SCHOONOVER,1,39,17,1,Bbs10.shp,0.445554
611,Polyline,3506,0,0,0,0,0.399,3506,92044,ARVADA,1,39,17,1,Bbs10.shp,0.398708
608,Polyline,3499,0,0,0,0,0.415,3499,92045,RECLUSE,1,39,17,1,Bbs10.shp,0.414814
610,Polyline,3502,0,0,0,0,0.428,3502,92046,SODA WELL,1,39,17,1,Bbs10.shp,0.428047
683,Polyline,4008,0,0,0,0,0.501,4008,92047,PINEY,0,39,17,9,Bbs10.shp,0.500937
606,Polyline,3494,0,0,0,0,0.487,3494,92048,SEELY,1,39,17,1,Bbs10.shp,0.486552
614,Polyline,3514,0,0,0,0,0.441,3514,92049,UPTON,1,39,17,1,Bbs10.shp,0.440558
626,Polyline,3542,0,0,0,0,0.418,3542,92062,TEAPOT DOME,1,39,17,0,Bbs10.shp,0.41849
617,Polyline,3523,0,0,0,0,0.461,3523,92063,MAYOWORTH,1,39,17,1,Bbs10.shp,0.460613
618,Polyline,3524,0,0,0,0,0.395,3524,92064,SUSSEX,1,39,17,1,Bbs10.shp,0.394955
627,Polyline,3545,0,0,0,0,0.396,3545,92065,HARLAND FLAT,1,39,17,1,Bbs10.shp,0.396445
620,Polyline,3527,0,0,0,0,0.379,3527,92066,PINE TREE,1,39,17,0,Bbs10.shp,0.378906
619,Polyline,3525,0,0,0,0,0.358,3525,92067,HIGHLIGHT,1,39,17,0,Bbs10.shp,0.357861
623,Polyline,3537,0,0,0,0,0.429,3537,92068,RIVERVIEW,1,39,17,0,Bbs10.shp,0.428654
622,Polyline,3529,0,0,0,0,0.386,3529,92069,NEWCASTLE,1,39,17,1,Bbs10.shp,0.385892
616,Polyline,3519,0,0,0,0,0.472,3519,92070,RAVEN,1,39,17,1,Bbs10.shp,0.472106
629,Polyline,3549,0,0,0,0,0.445,3549,92088,SHAWNEE,1,39,17,1,Bbs10.shp,0.445363
632,Polyline,3561,0,0,0,0,0.41,3561,92089,MEADOWDALE,1,39,17,1,Bbs10.shp,0.41003
630,Polyline,3550,0,0,0,0,0.433,3550,92090,LUSK,1,36,17,1,Bbs10.shp,0.433311
634,Polyline,3573,0,0,0,0,0.463,3573,92091,LINGLE,1,36,18,1,Bbs10.shp,0.463173
637,Polyline,3590,0,0,0,0,0.408,3590,92110,CHEYENNE,1,36,18,1,Bbs10.shp,0.40819
636,Polyline,3579,0,0,0,0,0.459,3579,92111,CHUGWATER,1,36,18,0,Bbs10.shp,0.458827
638,Polyline,3597,0,0,0,0,0.423,3597,92112,PINE BLUFF,1,36,18,1,Bbs10.shp,0.422683
628,Polyline,3548,0,0,0,0,0.482,3548,92120,WELCH,1,39,17,1,Bbs10.shp,0.482126
613,Polyline,3513,0,0,0,0,0.422,3513,92147,ROZET,1,39,17,0,Bbs10.shp,0.422259
615,Polyline,3518,0,0,0,0,0.448,3518,92206,CABALLA CRK,1,39,17,1,Bbs10.shp,0.448483
624,Polyline,3539,0,0,0,0,0.462,3539,92212,BUCKNUM,1,39,17,1,Bbs10.shp,0.461904
621,Polyline,3528,0,0,0,0,0.481,3528,92214,HAMPSHIRE,1,39,17,1,Bbs10.shp,0.480897
