OBJECTID *,Field1,CountryNum,StateNum,Route,RouteName,Active,Latitude,Longitude,Stratum,BCR,RouteTypeID,RouteTypeDetailID,RouteID,Shape *
1,470,840,6,2,HOUSE ROCK,1,36.731395,-112.046051,87,16,1,1,6002,Point
2,471,840,6,3,THE GAP,0,36.162354,-111.386582,87,16,1,1,6003,Point
3,472,840,6,4,BLACK MESA,1,36.561287,-110.501946,84,16,1,1,6004,Point
4,473,840,6,5,ROUND ROCK,0,36.508927,-109.472686,84,16,1,1,6005,Point
5,478,840,6,10,ORAIBI,1,35.86872,-110.62304,87,16,1,1,6010,Point
6,504,840,6,53,PAGE,1,36.913228,-111.4527,87,16,1,1,6053,Point
7,505,840,6,54,COW SPRINGS,1,36.391564,-110.879432,87,16,1,1,6054,Point
8,506,840,6,55,MANY FARMS,1,36.359924,-109.643791,87,16,1,1,6055,Point
9,512,840,6,61,GREASEWOOD,0,35.530235,-109.851609,87,16,1,1,6061,Point
10,535,840,6,103,KAIBITO,1,36.609547,-111.076866,87,16,1,1,6103,Point
11,536,840,6,105,TSAILE,1,36.301969,-109.196587,84,16,1,1,6105,Point
12,832,840,14,29,UBEHEBE,1,36.712668,-117.573792,80,33,1,1,14029,Point
13,833,840,14,30,HAIWEE RES,1,36.155872,-117.885948,80,33,1,1,14030,Point
14,834,840,14,31,WILDROSE,1,36.538175,-117.213837,80,33,1,1,14031,Point
15,859,840,14,56,DARWIN,1,36.318097,-117.67173,80,33,1,1,14056,Point
16,861,840,14,58,EUREKA VAL,1,37.22675,-117.76117,80,33,1,1,14058,Point
17,866,840,14,63,TRONA,1,35.818032,-117.342044,83,33,1,1,14063,Point
18,924,840,14,124,DEATH VALLEY,1,36.437309,-116.851174,80,33,1,1,14124,Point
19,948,840,14,151,LIKELY,1,41.235147,-120.336829,85,9,1,1,14151,Point
20,959,840,14,162,HONEY LAKE,1,40.49329,-120.108001,89,9,1,1,14162,Point
21,974,840,14,177,CEDARVILLE,1,41.529576,-120.171852,89,9,1,1,14177,Point
22,989,840,14,192,DEEP SPRINGS,1,37.415801,-118.004311,88,9,1,1,14192,Point
23,1045,840,14,417,LITTLE TRUCKEE,1,39.506243,-120.096211,66,15,1,1,14417,Point
24,1061,840,14,433,CHILCOOT,1,39.797814,-120.139403,85,15,1,1,14433,Point
25,1079,840,17,1,MAYBELL,1,40.74022,-108.088326,86,10,1,1,17001,Point
26,1080,840,17,2,GREAT DIVIDE,1,40.840323,-107.690102,86,10,1,1,17002,Point
27,1081,840,17,3,YAMPA,1,40.153186,-106.874918,84,16,1,1,17003,Point
28,1086,840,17,8,DOUGLAS PASS,1,39.400343,-108.812363,84,16,1,1,17008,Point
29,1087,840,17,9,BUFORD,1,39.965891,-107.648323,84,16,1,1,17009,Point
30,1100,840,17,22,DOLORES,0,37.518197,-108.535576,84,16,1,1,17022,Point
31,1101,840,17,23,FALFA,1,37.214951,-107.791809,84,16,1,1,17023,Point
32,1107,840,17,31,WRAY GULCH,1,40.065301,-108.415387,84,16,1,1,17031,Point
33,1108,840,17,32,WILSON CREEK,1,40.138026,-107.969772,84,16,1,1,17032,Point
34,1114,840,17,38,FRUITA,0,39.164394,-108.701244,87,16,1,1,17038,Point
35,1115,840,17,39,WILLOW PEAK,1,39.664036,-107.123213,62,16,1,1,17039,Point
36,1121,840,17,45,UNCOMPAHGRE,1,38.739729,-108.623622,62,16,1,1,17045,Point
37,1128,840,17,52,DOLORES RIV,1,37.790749,-108.020439,62,16,1,1,17052,Point
38,1131,840,17,55,ALAMOSA,1,37.181085,-105.745965,87,16,1,1,17055,Point
39,1138,840,17,122,CORTEZ,0,37.516654,-108.464516,84,16,1,1,17122,Point
40,1142,840,17,138,Rosevale,1,39.052106,-108.575577,84,16,1,1,17138,Point
41,1145,840,17,201,BROWNS PARK,1,40.616553,-108.673668,84,10,1,1,17201,Point
42,1146,840,17,202,DUNCKLEY PAS,1,40.210173,-107.03314,62,16,1,1,17202,Point
43,1152,840,17,208,DE BEQUE,1,39.513037,-108.46228,84,16,1,1,17208,Point
44,1153,840,17,209,FLATTOPS,1,39.646815,-107.616966,62,16,1,1,17209,Point
45,1166,840,17,222,GROUNDHOG RS,1,37.780186,-108.088845,62,16,1,1,17222,Point
46,1167,840,17,223,PIEDRA,1,37.232938,-107.183624,62,16,1,1,17223,Point
47,1174,840,17,301,DINOSAUR,1,40.277766,-108.559632,84,16,1,1,17301,Point
48,1175,840,17,302,LAY,1,40.668104,-107.861603,86,10,1,1,17302,Point
49,1176,840,17,303,STEAMBOAT L.,1,40.674608,-106.933185,62,16,1,1,17303,Point
50,1181,840,17,308,BAXTER PASS,1,39.443328,-108.954895,84,16,1,1,17308,Point
51,1188,840,17,315,BASIN,1,38.068777,-108.460831,87,16,1,1,17315,Point
52,1195,840,17,322,MCPHEE RES.,1,37.839953,-108.761077,84,16,1,1,17322,Point
53,1196,840,17,323,ANIMAS,0,37.237083,-107.870132,84,16,1,1,17323,Point
54,1202,840,17,351,ANGORA,1,40.204444,-108.753982,84,16,1,1,17351,Point
55,1203,840,17,352,YELLOWJACKET PASS,1,40.052265,-107.873617,84,16,1,1,17352,Point
56,1206,840,17,358,PICEANCE BASIN,0,39.822869,-108.165154,84,16,1,1,17358,Point
57,1207,840,17,359,RIFLE FALLS,1,39.757834,-107.692269,84,16,1,1,17359,Point
58,1208,840,17,360,RADIUM,0,39.953968,-106.55835,62,16,1,1,17360,Point
59,1211,840,17,365,NUCLA,1,38.270086,-108.53668,62,16,1,1,17365,Point
60,1215,840,17,372,HAYCAMP MESA,1,37.443248,-108.474358,62,16,1,1,17372,Point
61,1220,840,17,377,BLACK SULPHUR CR,1,39.871749,-108.284991,84,16,1,1,17377,Point
62,1225,840,17,422,Cortez 2,1,37.516654,-108.46451,84,16,1,1,17422,Point
63,1226,840,17,423,ANIMAS 2,1,37.231433,-107.869555,84,16,1,1,17423,Point
64,1233,840,17,903,MESAVERDE NP,1,37.270407,-108.48243,84,16,1,2,17903,Point
65,1530,840,33,21,SPRINGFIELD,1,43.110429,-112.731798,89,9,1,1,33021,Point
66,1532,840,33,23,TRIANGLE,1,42.813142,-116.639401,89,9,1,1,33023,Point
67,1536,840,33,27,POCATELLO,1,42.854817,-112.519388,88,9,1,1,33027,Point
68,1537,840,33,28,HENRY,0,42.930964,-111.552459,88,9,1,1,33028,Point
69,1545,840,33,128,BLACKFT RES,1,42.961315,-111.718551,89,9,1,1,33128,Point
70,1556,840,33,217,SILVER CITY,1,43.158435,-116.508828,89,9,1,1,33217,Point
71,1560,840,33,221,MUD LAKE,1,43.812427,-112.396012,89,9,1,1,33221,Point
72,1562,840,33,223,DOUGAL RES,1,42.64393,-116.993676,89,9,1,1,33223,Point
73,1566,840,33,227,DANIELS RES,1,42.498831,-112.391815,88,9,1,1,33227,Point
74,1567,840,33,228,PRESTON,1,42.002139,-111.95381,88,9,1,1,33228,Point
75,1569,840,33,901,TWIN BUTTES,1,43.521597,-112.65036,89,9,1,2,33901,Point
76,1571,840,33,903,KYLE CANYON,1,43.743192,-112.842387,89,9,1,2,33903,Point
77,1572,840,33,904,CIRCULAR BU,1,43.560202,-112.872159,89,9,1,2,33904,Point
78,1573,840,33,905,TRACTOR FLAT,1,43.549259,-112.63692,89,9,1,2,33905,Point
79,2898,840,55,1,VYA,0,41.488249,-119.830399,89,9,1,1,55001,Point
80,2899,840,55,2,PIUTE MDWS,1,41.317188,-118.900406,80,9,1,1,55002,Point
81,2900,840,55,3,CALICO SPR,0,41.882338,-117.103486,88,9,1,1,55003,Point
82,2901,840,55,4,MIDAS,1,41.226382,-116.590034,88,9,1,1,55004,Point
83,2902,840,55,5,DINNER STA,0,41.070452,-115.900767,88,9,1,1,55005,Point
84,2903,840,55,6,RANCHOGRANDE,1,41.946098,-114.072808,88,9,1,1,55006,Point
85,2904,840,55,7,SAND PASS,1,40.263694,-119.77965,80,9,1,1,55007,Point
86,2905,840,55,8,RYE PATCH,0,40.479282,-118.332916,80,9,1,1,55008,Point
87,2906,840,55,9,FISH CREEK,1,40.168622,-117.187278,88,9,1,1,55009,Point
88,2907,840,55,10,CORTEZ,1,40.080283,-116.585888,88,9,1,1,55010,Point
89,2908,840,55,11,WALKER CAN,1,40.093521,-115.632413,88,9,1,1,55011,Point
90,2909,840,55,12,MIZPAH,1,40.328679,-114.802044,88,9,1,1,55012,Point
91,2910,840,55,13,SUTCLIFFE,0,39.769539,-119.548958,88,9,1,1,55013,Point
92,2911,840,55,14,FRENCHMAN,0,39.273807,-118.310119,80,9,1,1,55014,Point
93,2912,840,55,15,TOIYABE NF,1,39.004444,-117.466254,88,9,1,1,55015,Point
94,2913,840,55,16,EUREKA,1,39.551815,-116.387094,88,9,1,1,55016,Point
95,2914,840,55,17,ILLIPAH,1,39.362131,-115.270762,88,9,1,1,55017,Point
96,2915,840,55,18,MAJORS PLACE,1,39.207503,-114.497652,88,9,1,1,55018,Point
97,2916,840,55,19,GARDNERVILLE,0,39.00374,-119.84622,88,9,1,1,55019,Point
98,2917,840,55,20,THORNE,0,38.550198,-118.472145,80,9,1,1,55020,Point
99,2918,840,55,21,BIG SMOKEY V,0,38.80578,-117.104195,80,9,1,1,55021,Point
100,2919,840,55,22,DOBBIN CREEK,1,38.87796,-116.403374,88,9,1,1,55022,Point
101,2920,840,55,23,WILLIS,1,38.148121,-115.612409,88,9,1,1,55023,Point
102,2921,840,55,24,MINERVA,1,38.794618,-114.56044,88,9,1,1,55024,Point
103,2922,840,55,25,SILVER PEAK,0,37.755505,-117.63395,80,33,1,1,55025,Point
104,2923,840,55,27,HIKO,1,37.607561,-115.033684,80,9,1,1,55027,Point
105,2924,840,55,28,CALIENTE,1,37.695939,-114.746109,80,9,1,1,55028,Point
106,2925,840,55,29,BEATTY,1,36.907203,-116.761788,83,33,1,1,55029,Point
107,2930,840,55,37,JARBIDGE,0,41.934718,-115.419136,88,9,1,1,55037,Point
108,2931,840,55,43,RUBY VALLEY,0,40.353437,-115.627762,88,9,1,1,55043,Point
109,2932,840,55,45,NIXON,1,39.943255,-119.383475,88,9,1,1,55045,Point
110,2933,840,55,46,Charleston Reservoir,1,41.535093,-115.832044,88,9,1,1,55046,Point
111,2934,840,55,101,BALD MTN.,1,41.833551,-119.669611,89,9,1,1,55101,Point
112,2935,840,55,103,CHIMNEY RES.,1,41.417743,-117.450314,88,9,1,1,55103,Point
113,2936,840,55,108,OREANA,0,40.466957,-118.312789,88,9,1,1,55108,Point
114,2937,840,55,114,FALLON,1,39.40201,-118.725525,80,9,1,1,55114,Point
115,2938,840,55,119,GARDNERVILLE 2,1,39.00374,-119.84621,88,9,1,1,55119,Point
116,2939,840,55,120,HAWTHORNE,0,38.644262,-118.754677,88,9,1,1,55120,Point
117,2940,840,55,121,DARROUGHS HOT SPGS,1,38.893184,-117.19377,80,9,1,1,55121,Point
118,2941,840,55,125,SILVER PEAK 2,1,37.755505,-117.63395,80,33,1,1,55125,Point
119,2944,840,55,137,Jarbidge 2,1,41.934718,-115.419135,88,9,1,1,55137,Point
120,2945,840,55,143,RUBY VALLEY 2,1,40.179873,-115.492923,88,9,1,1,55143,Point
121,2946,840,55,208,MILL CITY,1,40.653659,-118.00395,88,9,1,1,55208,Point
122,2947,840,55,901,COMINS LAKE,0,39.159861,-114.802524,88,9,1,2,55901,Point
123,2948,840,55,902,HUMBOLDT NF,1,41.788993,-115.952179,88,9,1,2,55902,Point
124,2949,840,55,903,SHELDON NWR,1,41.590519,-119.305367,89,9,1,2,55903,Point
125,2950,840,55,904,CARSON RIVER,0,39.302857,-119.254898,80,9,1,2,55904,Point
126,2951,840,55,905,AUSTIN,1,39.20772,-117.092675,88,9,1,2,55905,Point
127,2953,840,55,907,VIRGIN CREEK,1,41.772307,-119.119935,89,9,1,2,55907,Point
128,2954,840,55,908,MEADOW VALLY,1,37.609712,-114.522078,88,9,1,2,55908,Point
129,2955,840,55,909,Carson River 2,0,39.3,-119.26666,80,9,1,2,55909,Point
130,3129,840,60,1,FARMINGTON,0,36.771195,-108.110618,84,16,1,1,60001,Point
131,3130,840,60,2,NAGEESI,1,36.16761,-107.701362,87,16,1,1,60002,Point
132,3131,840,60,3,CEBOLLA,1,36.520013,-106.336053,62,16,1,1,60003,Point
133,3160,840,60,51,SHIPROCK,1,36.606963,-108.921468,87,16,1,1,60051,Point
134,3161,840,60,52,COUNSELOR,1,36.432704,-107.479416,87,16,1,1,60052,Point
135,3162,840,60,53,STINKING LK.,0,36.617257,-106.9011,84,16,1,1,60053,Point
136,3192,840,60,83,Newcomb,1,36.27817,-108.817965,87,16,1,1,60083,Point
137,3193,840,60,101,AZTEC,0,36.74546,-108.147477,84,16,1,1,60101,Point
138,3203,840,60,153,DULCE,1,36.619154,-106.900371,84,16,1,1,60153,Point
139,3210,840,60,201,LA PLATA,0,36.833885,-108.010155,84,16,1,1,60201,Point
140,3213,840,60,301,LA PLATA 2,0,36.833885,-108.010155,84,16,1,1,60301,Point
141,3980,840,69,13,LOGDELL,1,44.216856,-119.24085,65,10,1,1,69013,Point
142,3981,840,69,14,WICKIUP,1,44.132867,-118.587769,65,10,1,1,69014,Point
143,3982,840,69,15,BRIDGEPORT,1,44.502076,-117.97049,65,10,1,1,69015,Point
144,3988,840,69,22,WAGONTIRE,1,43.339003,-119.696796,89,9,1,1,69022,Point
145,3989,840,69,23,BUCHANAN,1,43.69349,-118.535524,65,9,1,1,69023,Point
146,3990,840,69,24,CROWLEY,1,43.287768,-117.813742,89,9,1,1,69024,Point
147,3996,840,69,30,BLITZEN,0,42.954636,-119.015763,89,9,1,1,69030,Point
148,3997,840,69,31,ALVORD LAKE,1,42.34767,-118.648889,89,9,1,1,69031,Point
149,3998,840,69,32,WILLOW SPG,0,42.437218,-117.676972,89,9,1,1,69032,Point
150,4013,840,69,48,MOUNT VERNON,1,44.417196,-119.113419,65,10,1,1,69048,Point
151,4019,840,69,54,SILVER CREEK,1,43.701105,-119.628303,65,10,1,1,69054,Point
152,4020,840,69,55,PRINCETON,0,43.247433,-118.582374,89,9,1,1,69055,Point
153,4026,840,69,61,BLIZZARD GAP,1,42.014752,-119.478005,89,9,1,1,69061,Point
154,4027,840,69,62,FISH LAKE,1,42.957667,-118.867798,89,9,1,1,69062,Point
155,4028,840,69,63,BATTLE MTN,1,42.211505,-117.771141,89,9,1,1,69063,Point
156,4029,840,69,64,LOOKOUT LAKE,0,42.363042,-117.081162,89,9,1,1,69064,Point
157,4035,840,69,130,BLITZEN 2,1,42.954209,-119.01495,89,9,1,1,69130,Point
158,4040,840,69,155,MALHEUR NWR,1,43.24742,-118.582428,89,9,1,1,69155,Point
159,4043,840,69,164,ROME,1,42.837636,-117.632271,89,9,1,1,69164,Point
160,4056,840,69,213,BARNHOUSE,1,44.522137,-119.927933,65,10,1,1,69213,Point
161,4057,840,69,214,UNITY,1,44.480859,-118.226036,65,10,1,1,69214,Point
162,4064,840,69,222,HARNEY LAKE,1,43.210636,-119.015968,89,9,1,1,69222,Point
163,4065,840,69,223,CRANE,1,43.586626,-118.589746,89,9,1,1,69223,Point
164,4066,840,69,224,QUARTZ MTN.,0,43.69444,-117.393606,89,9,1,1,69224,Point
165,4072,840,69,230,WARNER VALLY,1,42.61887,-119.673693,89,9,1,1,69230,Point
166,4073,840,69,231,CATLOW RIM,1,42.65579,-118.988625,89,9,1,1,69231,Point
167,4074,840,69,232,BOWDEN HILLS,1,42.43719,-117.676895,89,9,1,1,69232,Point
168,4082,840,69,240,MONUMENT,1,44.823061,-119.427231,65,10,1,1,69240,Point
169,4083,840,69,241,DESOLATION,1,44.977968,-118.909076,65,10,1,1,69241,Point
170,4084,840,69,242,MALHEUR RES.,1,44.063083,-117.784081,89,10,1,1,69242,Point
171,4089,840,69,247,DONNELLY,0,43.850771,-119.530708,65,10,1,1,69247,Point
172,4090,840,69,248,SILVIES,1,44.001772,-118.84922,65,10,1,1,69248,Point
173,4091,840,69,249,SHEAVILLE,1,43.330197,-117.08403,89,9,1,1,69249,Point
174,4095,840,69,253,LAKEVIEW,1,42.062483,-120.159989,85,9,1,1,69253,Point
175,4096,840,69,254,FLOOK LAKE,1,42.577978,-119.587848,89,9,1,1,69254,Point
176,4097,840,69,255,TROUT CREEK,1,42.002361,-118.633652,89,9,1,1,69255,Point
177,4098,840,69,256,THREE FORKS,1,42.526183,-117.175124,89,9,1,1,69256,Point
178,4103,840,69,347,DONELLY 2,1,43.793723,-119.317095,65,10,1,1,69347,Point
179,5049,840,85,1,WENDOVER,0,41.437939,-113.108788,80,9,1,1,85001,Point
180,5051,840,85,3,HYRUM,0,41.627268,-111.803666,84,9,1,1,85003,Point
181,5052,840,85,4,SALT SPRINGS,1,40.459142,-114.028649,80,9,1,1,85004,Point
182,5053,840,85,5,TIMPIE SPG,0,40.746385,-112.652801,80,9,1,1,85005,Point
183,5054,840,85,6,BECK,0,40.046658,-111.281227,62,16,1,1,85006,Point
184,5055,840,85,7,ALTONAH,1,40.480664,-110.398659,84,16,1,1,85007,Point
185,5056,840,85,8,GRIZZLY RDGE,1,40.72348,-109.470214,62,16,1,1,85008,Point
186,5057,840,85,9,NOTCH PEAK,1,39.126912,-113.519678,80,9,1,1,85009,Point
187,5058,840,85,10,OAK CITY,1,39.354972,-112.227806,88,9,1,1,85010,Point
188,5059,840,85,11,GOSHEN,1,39.900444,-111.954377,88,9,1,1,85011,Point
189,5060,840,85,12,DRAGERTON,1,39.597296,-110.560639,87,16,1,1,85012,Point
190,5061,840,85,13,WILLOW CREEK,1,39.973904,-109.652061,87,16,1,1,85013,Point
191,5062,840,85,14,STOCK RES,1,38.478842,-113.432541,80,9,1,1,85014,Point
192,5063,840,85,15,BEAVER,1,38.20414,-112.646248,84,16,1,1,85015,Point
193,5064,840,85,16,DESERT VIEW,1,38.474036,-111.353958,87,16,1,1,85016,Point
194,5065,840,85,17,HANKSVILLE,1,38.372859,-110.711815,87,16,1,1,85017,Point
195,5066,840,85,18,CASTLETON,0,38.583333,-109.333333,87,16,1,1,85018,Point
196,5067,840,85,19,IRON SPRINGS,1,37.794298,-113.458618,88,9,1,1,85019,Point
197,5068,840,85,20,NAVAJO LAKE,1,37.414043,-112.799833,62,16,1,1,85020,Point
198,5069,840,85,21,BOULDER,1,37.92764,-111.187005,87,16,1,1,85021,Point
199,5070,840,85,22,HITE,1,37.886721,-110.36744,87,16,1,1,85022,Point
200,5071,840,85,23,ANETH,1,37.21088,-109.172775,87,16,1,1,85023,Point
201,5072,840,85,24,LYNN,1,41.966777,-113.630928,88,9,1,1,85024,Point
202,5073,840,85,25,GROUSE CREEK,1,41.704573,-113.890663,88,9,1,1,85025,Point
203,5074,840,85,34,SKYLINE DRIV,1,39.591925,-111.264633,62,16,1,1,85034,Point
204,5075,840,85,101,WENDOVER 2,1,41.437939,-113.10878,80,9,1,1,85101,Point
205,5076,840,85,102,JOHNSON CAN,1,41.892996,-112.205712,80,9,1,1,85102,Point
206,5077,840,85,103,ANT FLAT-OGDEN CAN,1,41.576045,-111.563537,62,16,1,1,85103,Point
207,5078,840,85,104,GOLD HILL,1,40.035849,-113.983581,80,9,1,1,85104,Point
208,5079,840,85,105,FAIRFIELD,1,40.072165,-112.09533,88,9,1,1,85105,Point
209,5080,840,85,106,UINTAH NF,0,40.278812,-111.218865,62,16,1,1,85106,Point
210,5081,840,85,107,WASATCH NF,1,40.875382,-110.831703,62,16,1,1,85107,Point
211,5082,840,85,108,JENSEN,1,40.369882,-109.330948,87,16,1,1,85108,Point
212,5083,840,85,109,FISH SPRINGS,1,39.610741,-113.483711,80,9,1,1,85109,Point
213,5084,840,85,110,DELTA,1,39.374323,-112.576813,80,9,1,1,85110,Point
214,5085,840,85,112,CLEVELAND,1,39.08227,-110.664902,87,16,1,1,85112,Point
215,5086,840,85,113,BONANZA,1,40.015512,-109.171273,87,16,1,1,85113,Point
216,5087,840,85,114,WAH WAH,1,38.811491,-113.693047,88,9,1,1,85114,Point
217,5088,840,85,115,FISH LAKE NF,1,38.490885,-112.001686,62,16,1,1,85115,Point
218,5089,840,85,116,NOTOM,1,38.28366,-111.129097,87,16,1,1,85116,Point
219,5090,840,85,117,GLEN CANYON,1,38.472881,-110.280609,87,16,1,1,85117,Point
220,5091,840,85,118,CANYONLANDS,1,38.736414,-109.879997,87,16,1,1,85118,Point
221,5092,840,85,119,BERYL,1,37.896257,-113.65799,88,9,1,1,85119,Point
222,5093,840,85,120,MOQUITH MTN,1,37.00004,-112.861931,87,16,1,1,85120,Point
223,5094,840,85,121,MAIN CANYON,1,37.821775,-111.843513,84,16,1,1,85121,Point
224,5095,840,85,122,CANE SPR DES,1,37.575692,-110.712449,87,16,1,1,85122,Point
225,5096,840,85,123,BLANDING,1,37.674896,-109.403702,87,16,1,1,85123,Point
226,5097,840,85,151,KELTON,0,41.746545,-113.110443,80,9,1,1,85151,Point
227,5098,840,85,152,BEAR RIVER,1,41.582144,-112.083939,88,9,1,1,85152,Point
228,5099,840,85,153,RANDOLPH,1,41.723833,-111.338813,86,10,1,1,85153,Point
229,5100,840,85,155,VERNON,1,40.01226,-112.459205,88,9,1,1,85155,Point
230,5101,840,85,156,SOAPSTONE,1,40.581571,-111.04834,62,16,1,1,85156,Point
231,5102,840,85,157,MOON LAKE,0,40.550922,-110.731385,62,16,1,1,85157,Point
232,5103,840,85,158,M WARNER RES,1,40.858327,-109.257928,84,16,1,1,85158,Point
233,5104,840,85,159,CALLAO,1,39.879235,-113.267143,80,9,1,1,85159,Point
234,5105,840,85,160,LEAMINGTON,1,39.499185,-112.268974,84,9,1,1,85160,Point
235,5106,840,85,161,FAYETTE,1,39.239858,-111.859001,84,16,1,1,85161,Point
236,5107,840,85,162,CASTLE DALE,1,39.220914,-110.997841,87,16,1,1,85162,Point
237,5108,840,85,163,HILL CREEK,0,39.548786,-109.741402,84,16,1,1,85163,Point
238,5109,840,85,164,INDIAN PEAK,1,38.528664,-113.672203,88,9,1,1,85164,Point
239,5110,840,85,165,RICHFIELD,1,38.778015,-112.108314,62,16,1,1,85165,Point
240,5111,840,85,166,GOOSEBERRY,1,38.914786,-111.741363,62,16,1,1,85166,Point
241,5112,840,85,167,GILSON BUTTE,0,38.630794,-110.566712,87,16,1,1,85167,Point
242,5113,840,85,168,LA SAL,0,38.447078,-109.386055,84,16,1,1,85168,Point
243,5114,840,85,169,SHIVWITZ,1,37.069077,-113.77005,88,16,1,1,85169,Point
244,5115,840,85,170,DIXIE NF,1,37.459724,-112.324051,62,16,1,1,85170,Point
245,5116,840,85,171,GLEN CANYON,1,37.077518,-111.662423,87,16,1,1,85171,Point
246,5117,840,85,172,LAKE POWELL,1,37.465604,-110.708909,87,16,1,1,85172,Point
247,5118,840,85,173,HATCH,1,37.392714,-109.225525,87,16,1,1,85173,Point
248,5119,840,85,174,Beck 2,1,40.046658,-111.28122,62,16,1,1,85174,Point
249,5120,840,85,203,HARDWARE RANCH,1,41.624777,-111.794282,84,9,1,1,85203,Point
250,5121,840,85,206,HEBER MTN.,1,40.244062,-111.156692,62,16,1,1,85206,Point
251,5122,840,85,218,MOAB,1,38.682181,-109.477326,87,16,1,1,85218,Point
252,5123,840,85,251,PEPLIN MOUNTAIN,1,41.654896,-113.180313,80,9,1,1,85251,Point
253,5124,840,85,257,MOON LAKE 2,1,40.550756,-110.730757,62,16,1,1,85257,Point
254,5125,840,85,263,BOOK RIDGE,1,39.234033,-109.20575,84,16,1,1,85263,Point
255,5126,840,85,267,GILSON BUTTE 2,1,38.63046,-110.566551,87,16,1,1,85267,Point
256,5127,840,85,268,La Sal 2,0,38.45,-109.38333,84,16,1,1,85268,Point
257,5128,840,85,301,GOOSE CREEK MTN.,1,41.844559,-113.794419,88,9,1,1,85301,Point
258,5129,840,85,302,SNOWVILLE,1,41.89274,-112.776001,80,9,1,1,85302,Point
259,5130,840,85,303,BROWNS HOLE,0,41.341945,-111.670716,88,16,1,1,85303,Point
260,5131,840,85,304,CLIVE,1,40.765123,-113.10083,80,9,1,1,85304,Point
261,5132,840,85,305,GRANTSVILLE,1,40.599903,-112.480637,80,9,1,1,85305,Point
262,5133,840,85,306,KAMAS,1,40.636006,-111.314293,62,16,1,1,85306,Point
263,5134,840,85,307,HANNA,1,40.460659,-110.892594,84,16,1,1,85307,Point
264,5135,840,85,308,VERNAL,1,40.588849,-109.054855,84,16,1,1,85308,Point
265,5136,840,85,309,GANDY,1,39.223763,-114.000824,88,9,1,1,85309,Point
266,5137,840,85,310,JERICHO JUNCTION,1,39.660492,-112.063949,88,9,1,1,85310,Point
267,5138,840,85,311,FERRON,1,39.322246,-111.442668,62,16,1,1,85311,Point
268,5139,840,85,312,WELLINGTON,0,39.672307,-110.627861,87,16,1,1,85312,Point
269,5140,840,85,313,WESTWATER,1,39.081914,-109.12426,87,16,1,1,85313,Point
270,5141,840,85,314,TULE VALLEY,1,39.013426,-113.374054,80,9,1,1,85314,Point
271,5142,840,85,315,PINE CREEK,1,38.516098,-112.605576,88,9,1,1,85315,Point
272,5143,840,85,316,BICKNELL,1,38.309675,-111.518173,84,16,1,1,85316,Point
273,5144,840,85,317,GREEN RIVER,1,38.981541,-110.167007,87,16,1,1,85317,Point
274,5145,840,85,318,CANYON RIMS,1,38.188284,-109.415787,87,16,1,1,85318,Point
275,5146,840,85,319,NEWCASTLE,1,37.661653,-113.548267,88,9,1,1,85319,Point
276,5147,840,85,320,ALTON,1,37.325095,-112.456046,84,16,1,1,85320,Point
277,5148,840,85,321,ESCALANTE,1,37.769533,-111.665451,84,16,1,1,85321,Point
278,5149,840,85,322,BULLFROG BAY,1,37.520677,-110.725425,87,16,1,1,85322,Point
279,5150,840,85,323,MONTICELLO,1,37.902765,-109.509789,87,16,1,1,85323,Point
280,5151,840,85,368,La Sal 3,1,38.447119,-109.38558,84,16,1,1,85368,Point
281,5152,840,85,412,Wellington 2,0,39.672307,-110.62786,87,16,1,1,85412,Point
282,5153,840,85,512,Wellington 3,1,39.672307,-110.62786,87,16,1,1,85512,Point
283,5154,840,85,901,NEPONSET RES,1,41.275578,-111.201989,86,10,1,2,85901,Point
284,5155,840,85,902,LOST CR. RES,1,41.327902,-111.327583,62,16,1,2,85902,Point
285,5156,840,85,903,SALERATUS CR,1,41.261311,-111.178794,86,10,1,2,85903,Point
286,5157,840,85,904,E. BEAR LAKE,1,41.824467,-111.293557,86,10,1,2,85904,Point
287,5158,840,85,905,ARCHES NP,0,38.61666,-109.617073,87,16,1,2,85905,Point
288,5159,840,85,906,LOGAN CANYON,1,41.801775,-111.560043,62,16,1,2,85906,Point
289,5160,840,85,907,RED SPUR MTN.,1,41.639848,-111.318413,62,16,1,2,85907,Point
290,5161,840,85,908,BRYCE CANYON,1,37.658174,-112.093544,84,16,1,2,85908,Point
291,5162,840,85,909,WOODRUFF,1,41.524161,-111.162996,86,10,1,2,85909,Point
292,5163,840,85,910,CRAWFORD MTS,1,41.690833,-111.075278,86,10,1,2,85910,Point
293,5164,840,85,912,CANYONLANDS,0,38.544636,-109.764069,87,16,1,2,85912,Point
294,5284,840,89,6,BREWSTER,1,48.093627,-119.80619,89,9,1,1,89006,Point
295,5292,840,89,14,MOSES LAKE,1,47.087172,-119.257652,89,9,1,1,89014,Point
296,5298,840,89,20,WAPATO,1,46.390044,-120.460137,89,9,1,1,89020,Point
297,5299,840,89,21,MERCER,1,46.059969,-119.990158,89,9,1,1,89021,Point
298,5304,840,89,26,BICKLETON,1,45.966667,-120.25,89,9,1,1,89026,Point
299,5315,840,89,37,QUINCY,1,47.315177,-119.879478,89,9,1,1,89037,Point
300,5316,840,89,38,WILBUR,1,47.771735,-118.89447,89,9,1,1,89038,Point
301,5323,840,89,45,OTHELLO,0,46.912477,-119.368653,89,9,1,1,89045,Point
302,5334,840,89,56,HARTLINE,1,47.844462,-119.017609,89,9,1,1,89056,Point
303,5341,840,89,63,POTHOLES,1,46.970052,-119.345124,89,9,1,1,89063,Point
304,5353,840,89,75,MOSES COULEE,1,47.664005,-119.63089,89,9,1,1,89075,Point
305,5354,840,89,76,ODESSA,1,47.130534,-118.686577,89,9,1,1,89076,Point
306,5359,840,89,81,YAKIMA,1,46.664735,-120.487961,89,9,1,1,89081,Point
307,5360,840,89,82,MESA,0,46.766552,-119.076246,89,9,1,1,89082,Point
308,5370,840,89,145,COLUMBIA NWR,1,46.912533,-119.368133,89,9,1,1,89145,Point
309,5376,840,89,182,Scootney Reservoir,1,46.766552,-119.04624,89,9,1,1,89182,Point
310,5380,840,89,900,HANFORD SITE,0,46.687064,-119.507614,89,9,1,2,89900,Point
311,5557,840,92,3,OTTO,1,44.374958,-108.142738,86,10,1,1,92003,Point
312,5558,840,92,4,BASIN,1,44.408,-107.98899,86,10,1,1,92004,Point
313,5563,840,92,9,DUBOIS,1,43.417424,-109.443115,86,10,1,1,92009,Point
314,5564,840,92,10,MIDVALE,1,43.20066,-108.401886,86,10,1,1,92010,Point
315,5565,840,92,11,NOWOOD,1,43.596881,-107.430084,86,10,1,1,92011,Point
316,5566,840,92,12,NATRONA,0,43.286783,-106.819412,39,17,1,1,92012,Point
317,5568,840,92,14,REDBIRD,0,43.337076,-104.459946,39,17,1,1,92014,Point
318,5569,840,92,15,FONTENELLE,1,42.07376,-110.160858,86,10,1,1,92015,Point
319,5570,840,92,16,ELK HORN,1,42.426846,-109.268204,86,10,1,1,92016,Point
320,5571,840,92,17,BEAR CREEK,1,42.179458,-108.622559,86,10,1,1,92017,Point
321,5572,840,92,18,ERVAY,1,42.87753,-107.443657,86,10,1,1,92018,Point
322,5576,840,92,22,CUMBERLAND,1,41.27287,-110.764679,86,10,1,1,92022,Point
323,5577,840,92,23,MCKINNON,0,41.15,-109.816667,86,10,1,1,92023,Point
324,5578,840,92,24,PATRICK DRAW,0,41.702569,-108.429824,86,10,1,1,92024,Point
325,5579,840,92,25,SAVERY,1,41.00372,-107.361206,84,10,1,1,92025,Point
326,5580,840,92,26,RIVERSIDE,1,41.20011,-106.653198,86,10,1,1,92026,Point
327,5591,840,92,38,MEETEETSE,1,44.09196,-108.700013,64,10,1,1,92038,Point
328,5592,840,92,39,TENSLEEP,1,44.03422,-107.45134,86,10,1,1,92039,Point
329,5607,840,92,55,CROWHEART,1,43.270424,-109.031434,86,10,1,1,92055,Point
330,5608,840,92,56,ETHETE,1,43.025178,-108.774231,86,10,1,1,92056,Point
331,5609,840,92,57,ANCHOR,1,43.707861,-108.715019,86,10,1,1,92057,Point
332,5610,840,92,58,GEBO,1,43.799719,-108.215706,86,10,1,1,92058,Point
333,5611,840,92,59,ARMINTO,1,43.105247,-107.021685,86,10,1,1,92059,Point
334,5612,840,92,60,LYSITE,1,43.269615,-107.689536,86,10,1,1,92060,Point
335,5613,840,92,61,WORLAND,1,43.978837,-107.968247,86,10,1,1,92061,Point
336,5623,840,92,71,SODA LAKE,1,42.768843,-110.496315,64,10,1,1,92071,Point
337,5624,840,92,72,BUCKSKIN MTN,1,42.489121,-110.837166,64,10,1,1,92072,Point
338,5625,840,92,73,DANIEL,0,42.883205,-110.000908,86,10,1,1,92073,Point
339,5626,840,92,74,BOULDER,1,42.833687,-109.672821,86,10,1,1,92074,Point
340,5627,840,92,75,BIG SANDY,1,42.691684,-109.520569,86,10,1,1,92075,Point
341,5628,840,92,76,FARSON,1,42.097049,-109.476975,86,10,1,1,92076,Point
342,5629,840,92,77,FIDDLER LK,1,42.737071,-108.839294,64,10,1,1,92077,Point
343,5630,840,92,78,SAND DRAW,1,42.637394,-108.193726,86,10,1,1,92078,Point
344,5631,840,92,79,SWEETWATER,1,42.314963,-108.204071,86,10,1,1,92079,Point
345,5632,840,92,80,GAS HILLS,0,42.872871,-107.524437,86,10,1,1,92080,Point
346,5633,840,92,81,BAIROIL,1,42.231868,-107.691071,86,10,1,1,92081,Point
347,5634,840,92,82,LAMONT,1,42.16221,-107.435317,86,10,1,1,92082,Point
348,5635,840,92,83,PATHFINDER,1,42.566446,-106.990426,86,10,1,1,92083,Point
349,5636,840,92,84,LEO,1,42.248935,-106.568817,86,10,1,1,92084,Point
350,5637,840,92,85,SHIRLEY,1,42.240998,-106.413086,86,10,1,1,92085,Point
351,5644,840,92,92,DIAMONDVILLE,0,41.772363,-110.5392,86,10,1,1,92092,Point
352,5645,840,92,93,MTN VIEW,1,41.265669,-110.263694,86,10,1,1,92093,Point
353,5646,840,92,95,GREEN RIVER,0,41.655131,-109.658638,86,10,1,1,92095,Point
354,5647,840,92,96,RELIANCE,1,41.657303,-109.224754,86,10,1,1,92096,Point
355,5648,840,92,97,ROCK SPRINGS,1,41.569733,-109.183578,84,10,1,1,92097,Point
356,5649,840,92,98,BLACK ROCK,0,41.889976,-108.840195,86,10,1,1,92098,Point
357,5651,840,92,101,WAMSUTTER,1,41.670462,-107.970886,86,10,1,1,92101,Point
358,5652,840,92,102,RAWLINS,0,41.734965,-107.265641,86,10,1,1,92102,Point
359,5653,840,92,103,BAGGS,1,41.128819,-107.648323,86,10,1,1,92103,Point
360,5654,840,92,104,WALCOTT,1,41.685196,-106.3899,86,10,1,1,92104,Point
361,5664,840,92,123,FLAMIN GORGE,1,41.342604,-109.583862,86,10,1,1,92123,Point
362,5665,840,92,124,Patrick Draw 2,0,41.702569,-108.42982,86,10,1,1,92124,Point
363,5670,840,92,167,Thunder Basin,1,43.386764,-105.11005,39,17,1,1,92167,Point
364,5671,840,92,173,RYEGRASS,1,42.830201,-110.421448,86,10,1,1,92173,Point
365,5672,840,92,180,GAS HILLS 2,1,42.808569,-107.62286,86,10,1,1,92180,Point
366,5673,840,92,192,CARTER,0,41.58772,-110.580596,86,10,1,1,92192,Point
367,5674,840,92,195,SEEDSKADEE,1,41.780985,-109.762467,86,10,1,1,92195,Point
368,5675,840,92,198,Black Rock 2,1,41.889976,-108.84019,86,10,1,1,92198,Point
369,5676,840,92,202,RAWLINS 2,1,41.741707,-107.264317,86,10,1,1,92202,Point
370,5679,840,92,212,BUCKNUM,1,43.373522,-106.865425,39,17,1,1,92212,Point
371,5681,840,92,224,Patrick Draw 3,0,41.702569,-108.42982,86,10,1,1,92224,Point
372,5683,840,92,292,CARTER 2,1,41.58772,-110.580595,86,10,1,1,92292,Point
373,5685,840,92,324,Patrick Draw 4,0,41.702569,-108.42982,86,10,1,1,92324,Point
374,5686,840,92,424,Patrick Draw 5,0,41.702569,-108.42982,86,10,1,1,92424,Point
375,5687,840,92,524,Patrick Draw 6,1,41.702569,-108.42982,86,10,1,1,92524,Point
376,5690,840,92,902,PRIOR FLATS,1,42.241635,-106.584487,86,10,1,2,92902,Point
